Date,ppo_strategy,a2c_strategy,ddpg_strategy,ensemble_strategy,SSE 50 Index
2018/1/2,,,,,
2018/1/3,-1.57E-05,1.87E-05,0.001648859,0.001648859,0.001556623
2018/1/4,9.05E-06,3.84E-05,0.000205384,0.000205384,0.002134757
2018/1/5,4.68E-05,0.001690727,0.003220813,0.003220813,0.004410753
2018/1/8,6.14E-05,0.00507849,0.009961151,0.009961151,0.005253626
2018/1/9,4.32E-05,0.000482734,0.001493565,0.001493565,0.007312736
2018/1/10,-5.90E-05,-0.000573951,-0.005169029,-0.005169029,0.00883927
2018/1/11,1.59E-05,0.000822479,0.007168692,0.007168692,0.000494298
2018/1/12,0.000304901,0.000869599,-0.00072901,-0.00072901,0.007190717
2018/1/15,3.18E-05,0.000501647,-0.005310006,-0.005310006,0.010008561
2018/1/16,0.000290278,-0.000342988,-0.012424925,-0.012424925,0.004937471
2018/1/17,7.45E-05,0.000370241,0.001594329,0.001594329,0.004021397
2018/1/18,0.000112052,0.000687501,7.96E-05,7.96E-05,0.009872531
2018/1/19,-0.000270424,0.00159505,0.005799241,0.005799241,0.003627688
2018/1/22,0.000488881,0.002061382,0.002014804,0.002014804,0.004012
2018/1/23,0.000621668,0.000776413,-0.001805628,-0.001805628,0.014750618
2018/1/24,-0.000499096,-0.002746078,-0.000894652,-0.000894652,0.001204972
2018/1/25,0.000518366,0.002442199,0.002894502,0.002894502,-0.007191891
2018/1/26,-0.000654119,-0.006024673,-0.005387737,-0.005387737,0.004851496
2018/1/29,-0.000921728,-0.001136747,-0.002485802,-0.002485802,-0.016415427
2018/1/30,1.60E-05,0.003905385,0.003716762,0.003716762,-0.013323089
2018/1/31,0.000383628,0.000807087,0.002708486,0.002708486,0.012248736
2018/2/1,0.001069175,0.001311191,0.003408308,0.003408308,0.007827464
2018/2/2,0.000772186,-0.000475162,0.001645102,0.001645102,0.002677741
2018/2/5,-0.002579352,-0.009092796,-0.006354079,-0.006354079,0.010063971
2018/2/6,-0.001409578,-0.008688768,-0.008428845,-0.008428845,-0.020069786
2018/2/7,-0.002484878,-0.00519189,-0.008162987,-0.008162987,-0.028192355
2018/2/8,-0.004419121,-0.010283439,-0.010338608,-0.010338608,-0.027646313
2018/2/9,-7.98E-05,0.001239947,-0.000551694,-0.000551694,-0.046104447
2018/2/12,0.00039433,0.003041763,0.003445199,0.003445199,-0.001713969
2018/2/13,-0.000121085,0.001328541,0.002401618,0.002401618,0.016934876
2018/2/14,0.001402185,0.004595959,0.003861877,0.003861877,0.006684996
2018/2/22,0.00053058,0.002286025,0.001323381,0.001323381,0.020925714
2018/2/23,0.001216668,0.003707337,0.004193753,0.004193753,0.00862569
2018/2/26,-0.001076666,-0.005443179,-0.00831578,-0.00831578,0.005618376
2018/2/27,-0.001381698,-0.006188255,-0.008519367,-0.008519367,-0.01570009
2018/2/28,0.000227807,0.003530331,0.005256373,0.005256373,-0.016545473
2018/3/1,-0.00078046,-0.003975313,-0.005304089,-0.005304089,0.004388004
2018/3/2,6.71E-05,0.00162631,-0.006528289,-0.006528289,-0.009378071
2018/3/5,0.001304924,0.005780975,0.002206633,0.002206633,-6.72E-05
2018/3/6,-0.000362476,0.000601315,-0.002638498,-0.002638498,0.009945667
2018/3/7,0.000255848,0.006660245,0.008992856,0.008992856,-0.004952367
2018/3/8,0.000172807,0.002905055,0.003544625,0.003544625,0.006984902
2018/3/9,0.000583477,0.000321099,-0.002529128,-0.002529128,0.003430755
2018/3/12,-0.001158025,-0.006518432,-0.013629627,-0.013629627,0.000475174
2018/3/13,-0.000341137,-0.000331294,0.016232104,0.016232104,-0.009005494
2018/3/14,0.000468463,0.00917032,0.020365493,0.020365493,-0.004176734
2018/3/15,-0.000774186,-0.005562225,-0.007962896,-0.007962896,0.008236172
2018/3/16,0.000745589,0.015040333,0.014057454,0.014057454,-0.008376906
2018/3/19,0.000435273,0.00216082,-0.004957915,-0.004957915,0.009239456
2018/3/20,-5.01E-05,-0.002696179,-0.005983452,-0.005983452,0.002464884
2018/3/21,-0.000538832,-0.006814742,-0.01498999,-0.01498999,-0.003516633
2018/3/22,-0.002999144,-0.0119761,-0.019842958,-0.019842958,-0.009506412
2018/3/23,-0.001650097,-0.002385061,-0.00591857,-0.00591857,-0.026233503
2018/3/26,0.000653617,-0.001753003,0.000568762,0.000568762,-0.018842921
2018/3/27,-0.002499343,-0.018524944,-0.028359778,-0.028359778,0.003183505
2018/3/28,0.002076631,0.004673056,0.010830476,0.010830476,-0.019202775
2018/3/29,-0.000859149,0.007558649,-0.005170773,-0.005170773,0.016314486
2018/3/30,3.58E-05,-0.004759469,-0.000146459,-0.000146459,-0.006074798
2018/4/2,-0.000677951,-0.00323007,-0.001545892,-0.001545892,-0.003959917
2018/4/3,-0.000235232,0.00037298,0.007463265,0.007463265,-0.00520087
2018/4/4,0.001271431,-0.001124397,0.007408036,0.007408036,0.001889761
2018/4/9,0.003132161,0.018588746,0.02029857,0.02029857,0.004944772
2018/4/10,3.47E-05,0.00245972,-0.000884837,-0.000884837,0.023961055
2018/4/11,-0.000986712,-0.004409315,-0.012560533,-0.012560533,0.001630824
2018/4/12,-0.002048382,-0.019138146,-0.01123961,-0.01123961,-0.012795572
2018/4/13,-0.004459804,-0.00904756,-0.018024451,-0.018024451,-0.008474747
2018/4/16,-0.000132394,-0.009232391,-0.009873667,-0.009873667,-0.022627347
2018/4/17,0.002133138,0.008323905,0.001345111,0.001345111,-0.010883496
2018/4/18,0.001022145,0.006908848,0.008653382,0.008653382,0.0068543
2018/4/19,-0.002998515,-0.000988659,-0.003593937,-0.003593937,0.01084597
2018/4/20,0.001580455,0.004709016,0.003928706,0.003928706,-0.013112701
2018/4/23,0.003551924,0.009786172,0.010997335,0.010997335,0.006625881
2018/4/24,-0.002408551,0.006033985,6.90E-05,6.90E-05,0.021737971
2018/4/25,-0.002140581,-0.015095939,-0.005277327,-0.005277327,-0.007296479
2018/4/26,0.002594992,0.004966126,0.005367475,0.005367475,-0.013672427
2018/4/27,-0.000122682,-0.005384135,0.001338003,0.001338003,-0.004681241
2018/5/2,0.002613123,0.00601374,8.18E-05,8.18E-05,-0.000306194
2018/5/3,-0.001525578,-0.009511166,-0.004480301,-0.004480301,0.004238688
2018/5/4,0.003073501,0.018950103,0.007775784,0.007775784,-0.006614326
2018/5/7,0.001910238,0.015642164,0.01251342,0.01251342,0.01416813
2018/5/8,-0.000143327,-0.000768685,-0.000583726,-0.000583726,0.014543033
2018/5/9,0.001099119,0.023979968,0.007026231,0.007026231,-0.002071593
2018/5/10,-0.001756182,-0.008697749,-0.009447061,-0.009447061,0.004475425
2018/5/11,0.000457909,0.017242859,0.009157133,0.009157133,-0.001716091
2018/5/14,-0.000239361,0.00419036,0.00245212,0.00245212,0.010576918
2018/5/15,-0.002892719,-0.011551788,-0.006250601,-0.006250601,-0.000982156
2018/5/16,-0.000149875,-0.007025063,-0.004103054,-0.004103054,-0.012377751
2018/5/17,0.003908451,0.016764961,0.011293555,0.011293555,-0.005854353
2018/5/18,-0.000326333,-0.002874982,-0.000939214,-0.000939214,0.014683343
2018/5/21,-0.001471308,0.007236147,-0.001426702,-0.001426702,0.001922763
2018/5/22,-0.0043737,-0.008815799,-0.013714867,-0.013714867,-0.006483966
2018/5/23,-0.000808011,-0.006551552,-0.004328994,-0.004328994,-0.016241567
2018/5/24,-0.000871317,0.013083874,0.006396482,0.006396482,-0.006713733
2018/5/25,-0.001334571,0.011862716,0.003685831,0.003685831,-0.001644874
2018/5/28,-0.000160093,-0.020279383,-0.008292344,-0.008292344,0.004474294
2018/5/29,-0.00738657,-0.00959909,-0.013880201,-0.013880201,-0.003664187
2018/5/30,0.004050853,0.015357517,0.014876672,0.014876672,-0.021590008
2018/5/31,0.00029184,-0.011518467,-0.00505075,-0.00505075,0.020104835
2018/6/1,0.002624127,0.018024627,0.02029872,0.02029872,-0.004177495
2018/6/4,-0.000178987,0.023915544,0.010743354,0.010743354,0.017902137
2018/6/5,-0.002598623,0.005341356,0.000312662,0.000312662,0.004616606
2018/6/6,0.002168577,0.001872206,-0.000343078,-0.000343078,-0.005480609
2018/6/7,-0.005042101,-0.017097442,-0.013729169,-0.013729169,0.001135399
2018/6/8,-0.001784325,-0.014409298,-0.000960333,-0.000960333,-0.016011614
2018/6/11,0.001124563,0.010110172,0.022137565,0.022137565,0.003139458
2018/6/12,-0.000952778,-0.009680725,-0.006536718,-0.006536718,0.010259102
2018/6/13,0.000199282,-0.00441685,-0.005206248,-0.005206248,-0.005981058
2018/6/14,-0.001064356,0.000948899,0.003519887,0.003519887,-0.000123146
2018/6/15,-0.00391198,-0.005297096,-0.018857329,-0.018857329,-0.00124374
2018/6/19,-0.002584764,0.012455438,0.006870251,0.006870251,-0.025560583
2018/6/20,-0.005214045,-0.010536121,-0.00350086,-0.00350086,-0.000558547
2018/6/21,-0.001264167,0.003969639,0.005997118,0.005997118,-0.007418732
2018/6/22,-0.005005611,-0.010582308,-0.015878711,-0.015878711,0.001805431
2018/6/25,-0.001484163,-0.00604658,-0.016976334,-0.016976334,-0.018286935
2018/6/26,0.000842403,-0.021655218,-0.025150702,-0.025150702,-0.011726304
2018/6/27,0.00176642,-0.02526906,-0.014348332,-0.014348332,-0.02157324
2018/6/28,0.004513039,0.028128149,0.02400537,0.02400537,-0.011197247
2018/6/29,-0.009484548,-0.02332244,-0.029279446,-0.029279446,0.022569786
2018/7/2,0.00365493,-0.010709025,-0.002060836,-0.002060836,-0.037717072
2018/7/3,-0.001466832,-0.019857993,-0.011401423,-0.011401423,0.001089434
2018/7/4,0.00138912,-0.005194389,0.004626981,0.004626981,-0.008602513
2018/7/5,0.001537157,0.015591273,0.006432285,0.006432285,0.002503858
2018/7/6,0.005510123,0.028856816,0.022373843,0.022373843,0.011902894
2018/7/9,-0.00011632,0.001105146,0.003043733,0.003043733,0.028580544
2018/7/10,-0.006650794,-0.01168205,-0.008131635,-0.008131635,-2.23E-05
2018/7/11,0,0,0,0,-0.015761949
2018/7/12,0.005938088,0.026642665,0.016376593,0.016376593,0.017410095
2018/7/13,-0.000201456,-0.008103657,-0.010066632,-0.010066632,0.000904986
2018/7/16,-0.006312662,-0.014175233,-0.00727327,-0.00727327,-0.011344667
2018/7/17,-0.002168554,0.006530894,-0.003807925,-0.003807925,-0.007481526
2018/7/18,0.003046416,0.001936527,0.010822714,0.010822714,-0.003985032
2018/7/19,0.010991712,0.028273483,0.02735902,0.02735902,0.002232234
2018/7/20,-0.004687925,-0.010983828,0.006333413,0.006333413,0.027863835
2018/7/23,0.017386386,0.009164474,0.017031588,0.017031588,0.013252131
2018/7/24,-0.001641269,0.008834612,0.005518046,0.005518046,0.014552246
2018/7/25,-0.010579312,-0.012482275,-0.01147381,-0.01147381,4.04E-05
2018/7/26,0.001906824,-0.000636701,0.001906076,0.001906076,-0.012753428
2018/7/27,-0.015068619,-0.000650593,0.011783796,0.011783796,-0.002331023
2018/7/30,0.006289859,-0.002656283,-0.004310897,-0.004310897,0.006422183
2018/7/31,-0.017476705,-0.017043315,-0.017646675,-0.017646675,0.001501668
2018/8/1,-0.02301858,-0.006210616,-0.002035808,-0.002035808,-0.021562365
2018/8/2,-0.017585498,-0.019502161,-0.017330055,-0.017330055,-0.020051317
2018/8/3,-0.013897287,-0.024109286,-0.005689085,-0.005689085,-0.010986092
2018/8/6,0.026328208,0.02952202,0.031097983,0.031097983,-0.002886551
2018/8/7,-0.013299952,-0.011536947,-0.007222903,-0.007222903,0.030435067
2018/8/8,0.019758094,0.0342491,0.01605631,0.01605631,-0.013219643
2018/8/9,-0.004067577,0.010062686,0.003995857,0.003995857,0.023546977
2018/8/10,-0.009711801,-0.007517245,-0.006407691,-0.006407691,-0.000563519
2018/8/13,0.001356848,0.000786402,-0.000122098,-0.000122098,-0.009866228
2018/8/14,-0.025129819,-0.033325666,-0.031671552,-0.031671552,-0.003755646
2018/8/15,-0.012146164,0.00020505,-0.001022418,-0.001022418,-0.024493073
2018/8/16,-0.015891828,-0.018052078,-0.020573349,-0.020573349,-0.001477173
2018/8/17,0.013695638,0.001529522,0.011705274,0.011705274,-0.012885152
2018/8/20,0.026703937,0.026732702,0.019713745,0.019713745,0.014723443
2018/8/21,-0.004109533,-0.004996949,-0.001788018,-0.001788018,0.017954373
2018/8/22,0.005215015,0.009622762,0.004589195,0.004589195,-0.000909156
2018/8/23,-0.003556337,0.00849604,0.006974228,0.006974228,0.004454251
2018/8/24,0.02711283,0.022962853,0.023071509,0.023071509,0.004441813
2018/8/27,-0.006836719,-0.001939108,-0.007584549,-0.007584549,0.020364329
2018/8/28,0.002821033,-0.00111764,-3.76E-05,-3.76E-05,-0.004438062
2018/8/29,-0.012470465,-0.021929305,-0.019371189,-0.019371189,-0.003052432
2018/8/30,-0.015475041,-0.004250644,-0.002970451,-0.002970451,-0.009694745
2018/8/31,0.003238454,-0.003907871,-0.004134728,-0.004134728,-0.001909076
2018/9/3,0.010575507,0.008485088,0.00857742,0.00857742,-0.003474189
2018/9/4,-0.022447686,-0.023796722,-0.027006102,-0.027006102,0.014014431
2018/9/5,-0.012964002,-0.009149318,-0.008539393,-0.008539393,-0.023678935
2018/9/6,0.007007598,0.014438292,0.010563193,0.010563193,-0.010321478
2018/9/7,-0.011216967,-0.015201342,-0.026300077,-0.026300077,0.00895857
2018/9/10,4.62E-05,-0.003548407,-0.015331978,-0.015331978,-0.009948488
2018/9/11,-0.014011278,-0.015833052,-0.013115297,-0.013115297,-0.006073524
2018/9/12,0.005986753,-0.005024152,-0.004461267,-0.004461267,-0.007245178
2018/9/13,0.005060575,-0.006243664,-0.004925315,-0.004925315,0.014245136
2018/9/14,-0.003511363,-0.019684173,-0.016058326,-0.016058326,0.004185506
2018/9/17,0.023858447,0.026058073,0.0393463,0.0393463,-0.010530173
2018/9/18,0.016992192,0.014437416,0.01153826,0.01153826,0.02453747
2018/9/19,-0.002269808,0.001504213,0.007545154,0.007545154,0.011513654
2018/9/20,0.033031795,0.039954274,0.032196075,0.032196075,0.000138797
2018/9/21,-0.006191293,-0.008111215,-0.006421808,-0.006421808,0.03464663
2018/9/25,0.029356761,0.022554525,0.018307824,0.018307824,-0.010029519
2018/9/26,-0.001497724,4.99E-05,0.003020185,0.003020185,0.013727774
2018/9/27,0.007398166,0.007959666,0.003315015,0.003315015,-0.002833435
2018/9/28,-0.051325913,-0.049033778,-0.051800715,-0.051800715,0.012121811
2018/10/8,0.004653935,-0.001603877,-0.004746885,-0.004746885,-0.04597648
2018/10/9,-0.016032889,-0.000145114,0.005602069,0.005602069,0.0019465
2018/10/10,-0.036638907,-0.039706082,-0.042334338,-0.042334338,0.000960403
2018/10/11,0.024157166,0.022055108,0.032633393,0.032633393,-0.041520041
2018/10/12,-0.008088822,-0.008479854,-0.012706107,-0.012706107,0.022433777
2018/10/15,0.00259826,0.005607789,-0.003295908,-0.003295908,-0.012949963
2018/10/16,0.001556727,0.002582696,0.006358231,0.006358231,0.001248881
2018/10/17,-0.026203127,-0.03518811,-0.036753964,-0.036753964,0.005681037
2018/10/18,0.036172532,0.035689827,0.030077567,0.030077567,-0.024759691
2018/10/19,0.045206196,0.054119725,0.053135682,0.053135682,0.032608479
2018/10/22,-0.04745137,-0.027038269,-0.037068461,-0.037068461,0.038356599
2018/10/23,0.00073126,0.002111884,-0.006746544,-0.006746544,-0.029659799
2018/10/24,-0.006433633,0.002098953,-0.017007841,-0.017007841,0.00514303
2018/10/25,-0.01307427,-0.007681552,-0.001332929,-0.001332929,0.003071821
2018/10/26,-0.056266468,-0.038772247,-0.027889732,-0.027889732,-0.00651447
2018/10/29,-0.005894567,0.014949948,0.00948393,0.00948393,-0.032132809
2018/10/30,0.025225145,0.023246828,0.039903923,0.039903923,0.010910678
2018/10/31,0.010546053,0.00548746,0.013379306,0.013379306,0.014684338
2018/11/1,0.04135628,0.046113417,0.044773283,0.044773283,0.003688598
2018/11/2,-0.018414716,-0.010351182,-0.009494718,-0.009494718,0.033577506
2018/11/5,-0.007681652,-0.004248871,-0.003123506,-0.003123506,-0.012261559
2018/11/6,-0.008064214,-0.010762194,-0.007761621,-0.007761621,-0.004742176
2018/11/7,0.001094509,0.005298258,0.005343419,0.005343419,-0.00693889
2018/11/8,-0.016761263,-0.025803554,-0.021721333,-0.021721333,0.001475829
2018/11/9,0.000136981,0.005447036,0.010603065,0.010603065,-0.020830992
2018/11/12,0.014446985,0.005523397,0.003017742,0.003017742,0.004418391
2018/11/13,-0.016914079,-0.014009417,-0.008032777,-0.008032777,0.007364229
2018/11/14,0.013427215,0.012390735,0.011318621,0.011318621,-0.013393125
2018/11/15,-0.001456251,-0.006493815,-0.022880197,-0.022880197,0.011998178
2018/11/16,0.011128182,0.012015506,0.002661662,0.002661662,0.000936668
2018/11/19,-0.019918873,-0.019873145,-0.01509921,-0.01509921,0.012447853
2018/11/20,-0.000198559,0.001812455,0.002405383,0.002405383,-0.018174787
2018/11/21,-0.003037084,-0.004654603,-0.005229942,-0.005229942,0.00183146
2018/11/22,-0.016675442,-0.016399701,-0.017145776,-0.017145776,-0.005561846
2018/11/23,-0.002122863,0.004839704,0.00521404,0.00521404,-0.015767759
2018/11/26,-0.003043088,-0.003469351,-0.003219266,-0.003219266,0.001123373
2018/11/27,0.013289162,0.014489621,0.014193389,0.014193389,-0.003165622
2018/11/28,-0.007728283,-0.004230125,-0.004204659,-0.004204659,0.011209691
2018/11/29,0.0139064,0.011191993,0.013454646,0.013454646,-0.007963708
2018/11/30,0.036309498,0.028681317,0.02447071,0.02447071,0.010904958
2018/12/3,0.000482156,0.000895443,-0.005355236,-0.005355236,0.024716269
2018/12/4,-0.001112582,-0.005708991,-0.008740502,-0.008740502,0.003249846
2018/12/5,-0.023957826,-0.026287362,-0.03168483,-0.03168483,-0.005749191
2018/12/6,-0.008542753,-0.015944724,-0.021421897,-0.021421897,-0.019059174
2018/12/7,-0.006695926,-0.004251846,-0.00313741,-0.00313741,-0.001547962
2018/12/10,0.004890832,0.00647002,0.006665533,0.006665533,-0.00909853
2018/12/11,0.002452803,-0.001245856,-0.002047147,-0.002047147,0.002894371
2018/12/12,0.014450663,0.012703278,0.022660267,0.022660267,0.003204244
2018/12/13,-0.014403219,-0.014836519,-0.014745837,-0.014745837,0.014272499
2018/12/14,0.001500088,0.000530253,-0.001154371,-0.001154371,-0.014045785
2018/12/17,-0.008119411,-0.010333892,-0.013607911,-0.013607911,0.001057696
2018/12/18,-0.012076624,-0.019601894,-0.013151953,-0.013151953,-0.011573636
2018/12/19,-0.010265228,-0.01941449,-0.018459218,-0.018459218,-0.011810202
2018/12/20,-0.01454256,-0.0196984,-0.026113973,-0.026113973,-0.014613165
2018/12/21,0.003881753,0.007733599,0.019228983,0.019228983,-0.012324439
2018/12/24,-0.009860898,-0.01080982,-0.011753312,-0.011753312,0.001338858
2018/12/25,-0.007027716,-0.011251373,-0.009015922,-0.009015922,-0.00515327
2018/12/26,-0.003389277,-0.003176874,-0.002936202,-0.002936202,-0.006866529
2018/12/27,0.00694034,0.007952599,0.007030883,0.007030883,-0.002410984
2018/12/28,-0.012685382,-0.018283312,-0.012815378,-0.012815378,0.007487246
2019/1/2,-0.000992656,-0.000546758,-0.019204303,-0.019204303,-0.01321692
2019/1/3,0.025399015,0.026838694,0.029068887,0.029068887,0.002851435
2019/1/4,-0.002785807,-0.003465919,0.00119832,0.00119832,0.020008258
2019/1/7,-0.005250203,-0.006559861,0.000227236,0.000227236,-0.000141404
2019/1/8,0.01744643,0.017164745,0.014788175,0.014788175,-0.003952998
2019/1/9,-0.001589013,0.001803941,0.00481006,0.00481006,0.011950698
2019/1/10,0.009858589,0.012630229,0.005817469,0.005817469,-0.000372312
2019/1/11,-0.011605807,-0.008894885,-0.00945771,-0.00945771,0.009712457
2019/1/14,0.02095077,0.018020014,0.024912143,0.024912143,-0.009922664
2019/1/15,0,0,0,0,0.02026214
2019/1/16,0.006968125,0.006444877,0.01386895,0.01395924,0.001197543
2019/1/17,0.020779128,0.020693566,0.02179283,0.022620653,-0.004144812
2019/1/18,0.013760707,0.011506007,0.006774453,0.006866688,0.019404532
2019/1/21,-0.018249475,-0.015124454,-0.020258078,-0.021169279,0.006256404
2019/1/22,0.00153283,0.00518116,0.00827485,0.008704947,-0.012848578
2019/1/23,0.011504146,0.014430854,0.009274373,0.009621018,-0.001742313
2019/1/24,0.014327104,0.015733969,0.010282718,0.010943779,0.006054444
2019/1/25,-0.007703936,-0.008380524,-0.016749496,-0.017797493,0.012472372
2019/1/28,0.008851431,0.00976263,0.0175535,0.019193152,-0.001889673
2019/1/29,-0.008952213,-0.007028911,-0.004941504,-0.005474986,0.007743331
2019/1/30,0.023927316,0.02354723,0.019497113,0.021829494,-0.006466966
2019/1/31,0.00886741,0.010933703,0.014938935,0.016359062,0.017809852
2019/2/1,0.013986439,0.007546157,0.011823021,0.013910045,0.006512377
2019/2/11,0.001213345,0.004688664,0.012401525,0.013790597,0.011133344
2019/2/12,0.025476887,0.021957374,0.024222888,0.027062816,0.002258421
2019/2/13,-0.003119294,-0.001861084,-0.000270341,-0.000197775,0.01872345
2019/2/14,-0.024367061,-0.025314149,-0.023705774,-0.025943904,-0.001668364
2019/2/15,0.03146371,0.034096901,0.034362063,0.039322837,-0.022840453
2019/2/18,0.006955315,0.001426138,-0.001694348,-0.001537346,0.025974174
2019/2/19,0.011456557,0.009272861,0.002525771,0.002628615,-0.001473139
2019/2/20,-0.007397515,-0.005164744,-0.001292043,-0.003017402,0.003536075
2019/2/21,0.031629929,0.029994481,0.016365006,0.021073546,-0.004227125
2019/2/22,0.062903488,0.059230363,0.037705485,0.047017266,0.017789712
2019/2/25,-0.016183619,-0.01738073,-0.008383944,-0.009179754,0.062760382
2019/2/26,0.009167157,0.006557586,-2.53E-05,0.001827782,-0.019298427
2019/2/27,-0.008578203,0.000161783,0.009228045,0.010019556,0.006012874
2019/2/28,0.046490792,0.03845547,0.024548687,0.034059798,-0.002315169
2019/3/1,-0.000795476,0.004855326,0.012298458,0.013850388,0.027513587
2019/3/4,-0.007209896,-0.007154438,-0.004451247,-0.005180136,0.004653254
2019/3/5,0.006815557,0.002756673,0.001465447,0.003382648,-0.00131304
2019/3/6,-0.012510931,-0.021397103,-0.018876173,-0.023405202,0.004031011
2019/3/7,-0.035674258,-0.028535832,-0.019899216,-0.028508208,-0.017805198
2019/3/8,0.012301099,0.007476476,0.004992673,0.007938045,-0.037318743
2019/3/11,-0.002985044,0.002253574,0.008134955,0.008332789,0.008566528
2019/3/12,-0.004253645,4.12E-05,-0.006557106,-0.004380371,0.004125566
2019/3/13,0.000223335,0.005564703,0.004525519,0.005753741,0.001540239
2019/3/14,0.010623724,0.01536731,0.017211973,0.022637763,0.001898191
2019/3/15,0.028082631,0.030358864,0.015324771,0.0218914,0.009773399
2019/3/18,-0.008739986,-0.012249938,-0.00667486,-0.010135642,0.025175363
2019/3/19,0.000383875,0.00515201,0.006837475,0.009528157,-0.00647296
2019/3/20,-0.001874571,-0.002549949,0.005107585,0.007838648,0.002145252
2019/3/21,-0.003967877,-0.00072296,-0.005567558,-0.007813812,-0.00353839
2019/3/22,-0.034849699,-0.035433661,-0.024229958,-0.036193909,-0.002702068
2019/3/25,-0.008387613,-0.004384153,-0.001511164,-0.0029321,-0.027620538
2019/3/26,0.010227335,0.018368983,0.015570706,0.026924035,-0.004424651
2019/3/27,-0.001253629,0.0035688,0.003442018,0.008213721,0.013094969
2019/3/28,0.049258429,0.046218152,0.022091103,0.034918771,-0.002778095
2019/3/29,0.013328316,0.01088983,0.013925123,0.018869461,0.038234119
2019/4/1,-0.000972699,-0.002010867,-0.003618899,-0.0047973,0.019064117
2019/4/2,0.013937088,0.012054387,0.012651484,0.014668631,-0.00141346
2019/4/3,0.018256432,0.020329335,0.016448891,0.017761881,0.010895125
2019/4/4,0.011616842,0.014663984,0.010958603,0.021010084,0.010953249
2019/4/8,-0.00855299,-0.008122919,-0.006371516,-0.01076463,0.003485824
2019/4/9,0.006785945,0.014250298,0.010733946,0.016232429,0.001768472
2019/4/10,-0.016090252,-0.021285425,-0.021084676,-0.033548366,0.003903908
2019/4/11,-0.005052504,-0.006416294,-0.004573805,-0.00391596,-0.017009072
2019/4/12,-0.001131176,-0.00426551,-0.002075154,-0.003176321,-0.00270169
2019/4/15,0.026274972,0.029103407,0.016405076,0.027149634,0.001510213
2019/4/16,0.00257819,0.002438078,0.00314059,-0.005189145,0.033539177
2019/4/17,-0.003661675,-0.005356808,-0.003549759,-0.003008905,-0.001855459
2019/4/18,0.017166416,0.011162566,0.004796269,0.009733558,-0.004139866
2019/4/19,-0.029562243,-0.03008157,-0.027470169,-0.041356609,0.012482044
2019/4/22,0.008380679,0.012834716,0.00205886,0.006328006,-0.023646904
2019/4/23,-0.003403785,0.000866888,-0.000352523,-0.001322523,0.002813376
2019/4/24,-0.014749645,-0.016039141,-0.012212132,-0.014609808,-0.001342064
2019/4/25,-0.001152976,-0.008174415,-0.004986342,-0.005873765,-0.015749481
2019/4/26,0.018560027,0.021162777,0.013103844,0.029733563,-0.012000772
2019/4/29,-0.005057344,-0.004790421,0.000755128,-0.003645451,0.016090738
2019/4/30,-0.063749184,-0.057004184,-0.027335413,-0.049275734,0.001986388
2019/5/6,-0.000748425,0.001329933,0.01009008,0.017201289,-0.047605023
2019/5/7,-0.016462587,-0.014509739,-0.009712391,-0.020162402,0.000435752
2019/5/8,-0.025618709,-0.022622889,-0.009208733,-0.022324032,-0.01710969
2019/5/9,0.035648627,0.045019916,0.017628535,0.034748182,-0.021558321
2019/5/10,-0.030940478,-0.021926235,-0.013035053,-0.020248672,0.035193119
2019/5/13,-0.001978088,-0.007202401,-0.004097831,-0.007685608,-0.01884454
2019/5/14,0.021259606,0.027338028,0.012572891,0.031458386,-0.005974984
2019/5/15,0.000804376,0.001344816,0.004024485,0.002149596,0.021583834
2019/5/16,-0.019706053,-0.023217216,-0.014194607,-0.026113744,0.002827582
2019/5/17,-0.00542846,-0.011656679,-0.007477162,-0.017466035,-0.020133949
2019/5/20,0.008433982,0.010469286,0.006884012,0.015391257,-0.007231943
2019/5/21,-0.009182641,-0.006240373,-0.004290785,-0.00439159,0.00896863
2019/5/22,-0.017694686,-0.019989862,-0.011499252,-0.016318609,-0.005128468
2019/5/23,0.006748817,0.011701257,0.003643663,0.008301803,-0.014601827
2019/5/24,0.010608713,0.008381564,0.004761515,0.009757173,0.005991064
2019/5/27,0.010889353,0.014222377,0.012432262,0.016199492,0.007516325
2019/5/28,0.014153297,0.009935492,-0.000486394,0.006656085,0.009721142
2019/5/29,-0.008772266,-0.007656021,-0.006448173,-0.010455185,0.002549987
2019/5/30,-0.008377913,-0.012018563,-0.001944057,-0.004142203,-0.00466092
2019/5/31,0.007946669,0.004620009,0.002555109,0.004140037,-0.005110385
2019/6/3,-0.004016734,-0.00862186,-0.002550478,-0.013278021,0.005173609
2019/6/4,0.000622725,-0.0002448,-0.001687389,-0.012449028,-0.007929271
2019/6/5,-0.002751134,-0.007219151,0.001178931,-0.003634037,-0.00063168
2019/6/6,0.006052976,0.009274846,0.002150886,0.010586656,-0.004718644
2019/6/10,0.018478551,0.032536605,0.014280659,0.03546457,0.013526272
2019/6/11,-0.0049305,-0.0036593,0.001859238,0.000455031,0.025342548
2019/6/12,-0.000259051,0.001409883,-0.002049281,0.001893356,-0.005747345
2019/6/13,-0.006339439,-0.002993324,-0.003170438,-0.002619534,-0.000785131
2019/6/14,0.005189285,0.00170394,0.001529114,0.003278294,-0.003195736
2019/6/17,0.001503381,0.004640538,-0.002317522,0.002908339,0.00290716
2019/6/18,0.010884966,0.013319118,0.004608161,0.011098654,0.004563941
2019/6/19,0.036473003,0.040358762,0.012087922,0.02900065,0.012927987
2019/6/20,-0.000286075,-0.000758548,0.000493901,-0.00152745,0.035139706
2019/6/21,0.004925527,0.007605614,0.00326857,0.007355359,-0.001310325
2019/6/24,-0.01383831,-0.011256244,-0.00377041,-0.008943223,0.003656186
2019/6/25,-0.001254561,-0.005368039,0.003565038,0.003452234,-0.013356896
2019/6/26,0.010415912,0.013636764,0.002318362,0.011867329,-0.002279768
2019/6/27,-0.003599274,0.000142222,0.000566743,-0.0013725,0.011586586
2019/6/28,0.028614428,0.034050499,0.008510713,0.030637139,-0.002223294
2019/7/1,-0.002324461,-0.004711258,0.007417652,0.007021671,0.024684824
2019/7/2,-0.011482494,-0.022149834,-0.001857102,-0.014446611,-0.001286606
2019/7/3,-0.004374554,-0.004594706,0.001681953,-0.005524423,-0.011451861
2019/7/4,0.011901239,0.012278633,0.002685228,0.014064448,-0.003865106
2019/7/5,-0.024996132,-0.018519444,-0.011866133,-0.02360102,0.002929056
2019/7/8,-0.000267242,-0.005102004,0.000345594,-0.001345579,-0.021746047
2019/7/9,-0.005749115,-0.00138102,-0.008172311,-0.006508068,-0.005508312
2019/7/10,0.011757496,0.004807538,0.000406985,0.006052275,-0.000961461
2019/7/11,0.016933281,0.005914362,-0.00180637,0.00961777,0.003143726
2019/7/12,0.002302285,-0.000749588,0.00429179,0.005040633,0.004951189
2019/7/15,-0.009415148,-0.006141473,-0.004342922,-0.011649673,0.000165534
2019/7/16,-0.001679497,-0.000202397,0.00154236,0.000451117,-0.006218162
2019/7/17,-0.007284827,-0.009051015,-0.005548993,-0.00795142,-0.003304177
2019/7/18,0.007892897,0.009233001,0.001245456,0.003931938,-0.005518308
2019/7/19,-0.00259021,-0.001417763,-0.003127927,0.00113216,0.012752081
2019/7/22,-0.001604265,-6.21E-05,0.004296577,-0.004328655,-0.004738563
2019/7/23,0.014238282,0.003550601,0.009991645,0.010242826,-0.000279537
2019/7/24,0,0,0,0,0.008834131
2019/7/25,-0.001599543,0.016946911,-0.000838343,0.011096136,0.00847245
2019/7/26,-0.003281712,0.003239175,0.002334167,-0.001455931,0.002790314
2019/7/29,0.008265055,0.003445843,0.002510917,0.00371529,-0.003016172
2019/7/30,-0.00898763,-0.005791528,-0.003763197,-0.013072919,0.00461899
2019/7/31,-0.008043779,-0.010011049,-0.003368524,-0.007310402,-0.010653374
2019/8/1,-0.015744329,-0.011314653,-0.00639145,-0.012911675,-0.008512731
2019/8/2,-0.018552791,-0.016978305,-0.008912563,-0.020153501,-0.015269439
2019/8/5,-0.002195668,0.001548279,0.003157736,0.005838471,-0.020061676
2019/8/6,-0.010470951,-0.004478037,-0.002129996,-0.002613372,-0.009344212
2019/8/7,0.015711305,0.022870748,0.009176806,0.01734361,-0.004865033
2019/8/8,-0.001849047,-0.007783773,-0.000571344,-0.003474944,0.014422573
2019/8/9,0.018269971,0.037188531,0.00737381,0.020166131,-0.005282734
2019/8/12,-0.015567138,-0.008367789,-0.005495901,-0.012583977,0.018994252
2019/8/13,0.010134934,0.01591231,0.013694772,0.014791137,-0.01128942
2019/8/14,0.004874273,0.003567448,0.003526915,0.005752207,0.004096654
2019/8/15,0.003986835,0.005265054,0.00384641,0.004323663,0.003577578
2019/8/16,0.020121744,0.009635194,0.004452523,0.01764571,0.003495502
2019/8/19,-0.003032593,0.008790079,0.006081142,0.002384176,0.018768117
2019/8/20,-0.000344722,-0.005338374,-0.003762129,-0.00116409,-0.000548513
2019/8/21,0.005991479,0.019430143,0.01836418,0.005442089,-0.002237196
2019/8/22,0.015282179,0.023234647,0.022572665,0.031282257,0.003061843
2019/8/23,-0.018320746,-0.02228892,-0.018724344,-0.019278297,0.01368052
2019/8/26,0.019012004,0.009444283,0.010875649,0.011419943,-0.018474813
2019/8/27,-0.008175102,-0.006983485,-0.000227891,-0.002924578,0.008297319
2019/8/28,-0.004453948,0.003247119,8.66E-05,-0.002440542,-0.007000322
2019/8/29,0.009787755,0.019027517,0.017710597,0.020024025,-0.004037807
2019/8/30,0.003106104,0.00196659,-0.002567542,0.006869167,0.005936226
2019/9/2,-0.003185737,-0.002221198,-0.003980947,-0.000462913,0.007852838
2019/9/3,0.005043246,-0.003247941,-0.004847938,0.002291087,-0.000958701
2019/9/4,0.016235862,0.022307027,0.013561159,0.012100732,0.009507043
2019/9/5,0.006280331,0.005332869,0.006742878,0.010341567,0.012385509
2019/9/6,-0.000708126,-0.002315682,-0.00293256,-0.005854469,0.008536626
2019/9/9,-0.010320993,-0.011255626,-0.006874148,-0.004368631,0.00017222
2019/9/10,-0.008195341,-0.027722158,-0.019098575,-0.022751472,-0.003951387
2019/9/11,0.016937499,0.020836052,0.010082165,0.011188414,-0.004263209
2019/9/12,-0.007428295,-0.003353718,0.000428442,-0.000403766,0.014344179
2019/9/16,-0.015676186,-0.009785333,-0.006630823,-0.010936728,-0.005705367
2019/9/17,0.004737275,0.029079744,0.032621044,0.018088772,-0.01523594
2019/9/18,0.001778005,-0.001480387,-0.001534745,0.00022817,0.005907373
2019/9/19,0.002849575,0.007912113,0.008615846,0.009152988,0.000836629
2019/9/20,-0.009368905,-0.009848614,-0.008429049,-0.01042477,0.002233981
2019/9/23,0.00854006,0.019149478,0.021880011,0.009903496,-0.010974326
2019/9/24,-0.011428965,-0.007975262,-0.008838472,-0.003619769,0.003127831
2019/9/25,-0.004061316,-0.004361776,-0.005576284,-0.002529113,-0.003824895
2019/9/26,0.001124067,0.004381073,0.003246173,-0.002488631,-0.000327263
2019/9/27,-0.016671095,-0.017224121,-0.014792288,-0.009678216,0.000631174
2019/9/30,0.003367334,0.010458382,0.008984562,0.010679616,-0.010930003
2019/10/8,-0.004472054,-0.013175149,-0.01618842,-0.015019857,0.008505117
2019/10/9,0.009594472,0.009566715,0.015400222,0.016412693,0.000216162
2019/10/10,0.014625178,0.016817594,0.009269082,0.01747667,0.00609669
2019/10/11,0.012499032,0.006763505,0.005862931,0.004694013,0.014390505
2019/10/14,0.002528711,0.016174245,0.013163357,0.00822125,0.010195233
2019/10/15,-0.0055555,-0.021583286,-0.010424929,-0.007628522,0.000626109
2019/10/16,0.000385085,0.004246151,0.000756798,0.00211192,-0.003547399
2019/10/17,-0.009397338,-0.011071481,-0.006689693,-0.010223407,0.002339716
2019/10/18,0.011738469,-0.006448098,-0.005905109,-0.006319482,-0.01612954
2019/10/21,0.000497274,0.002874679,0.003394097,0.002518464,0.001933669
2019/10/22,-0.00287479,-0.00852451,-0.003767876,-0.004881031,0.001452455
2019/10/23,-0.004624295,-0.005366217,-0.001643835,-0.002268858,-0.00636082
2019/10/24,0.005913795,0.015036055,0.016915385,0.020322512,0.001599869
2019/10/25,0.014243782,0.008973285,0.013172371,0.014366779,0.002710346
2019/10/28,-0.005883396,0.004926253,-0.000824719,-0.001289719,0.004822902
2019/10/29,0.009435811,-0.007398105,-0.002634955,-0.001374591,-0.004386721
2019/10/30,0.009932063,-0.002419207,0.002986001,0.003897661,-0.005445909
2019/10/31,0.003806397,0.009113916,0.006260327,0.015239217,0.00088611
2019/11/1,0.018619441,0.009385049,-0.000879085,0.009705726,0.016216282
2019/11/4,0.01114835,0.000520425,-0.002850642,-0.002890279,0.006536262
2019/11/5,-0.001992258,-0.00473504,-0.000495668,-0.004413773,0.005857277
2019/11/6,-0.003898894,0.007018687,-0.000455794,0.001423045,-0.002363702
2019/11/7,-0.005537697,-0.001588611,0.000471767,0.000530042,0.000167338
2019/11/8,-0.003595702,-0.009323171,-0.009351071,-0.015071013,-0.006870308
2019/11/11,0.002236727,0.001938683,0.002121224,0.003417913,-0.015519512
2019/11/12,-0.002725414,0.012844787,0.004580919,0.008788692,0.001906156
2019/11/13,-0.002891843,0.004921903,0.009080068,0.01117311,-0.00124199
2019/11/14,0.001162497,-0.004384495,-0.004509292,-0.007217855,0.000302729
2019/11/15,0.010667735,0.002190071,-0.000433666,0.006022615,-0.004671376
2019/11/18,-0.001167243,0.006968726,0.009453597,0.015783051,0.008882251
2019/11/19,-0.007085287,-0.001533639,-0.002522574,-0.003202955,0.006641986
2019/11/20,-0.011322189,-0.003790106,-0.00913276,-0.006310284,-0.010871067
2019/11/21,-0.017312787,-0.024029924,-0.013235464,-0.016019931,-0.006329554
2019/11/22,0.005398542,-0.002494189,-0.001856812,0.007107362,-0.009178334
2019/11/25,0.006349478,0.003571609,0.004430333,-0.000954112,0.00991713
2019/11/26,0.001837315,0.002311968,0.003043699,0.002169916,-0.00158594
2019/11/27,-0.008869928,-0.009825658,-0.001120669,-0.003584924,-0.000761938
2019/11/28,-0.021014246,-0.030581992,-0.014428442,-0.03100372,-0.004700641
2019/11/29,-0.000286491,0.002439621,-0.008793778,-0.000343409,-0.012204888
2019/12/2,-0.001166843,-0.007897335,0.000996178,-0.004700635,0.001631801
2019/12/3,-0.007906176,-4.55E-05,0.003944118,0.001317924,0.003512473
2019/12/4,0.013632832,0.007589047,0.002118261,0.00780519,-0.002940896
2019/12/5,0.011038504,0.026281399,0.006335576,0.017699304,0.007197733
2019/12/6,-0.001787357,-0.008996964,-0.016211491,-0.007632336,0.006116127
2019/12/9,0.004825729,0.007519335,0.005957109,0.006843025,-0.002305006
2019/12/10,0.004350818,-0.001348147,0.001553223,0.006121041,0.001347066
2019/12/11,-0.006909821,-0.013770253,-0.003376601,-0.012656224,0.004308352
2019/12/12,0.032603905,0.020676665,0.011410707,0.019069834,-0.003936438
2019/12/13,-0.007678074,-0.008348743,-0.0075587,-0.008371511,0.023239031
2019/12/16,0.011131581,0.015177516,0.003933059,0.007316615,-0.002365423
2019/12/17,-0.004630791,-0.002128535,-0.005972524,-0.006434399,0.011316612
2019/12/18,-0.004294052,-0.006779643,0.000622612,-0.002167274,-0.002425735
2019/12/19,-0.007133814,-0.006242925,0.000576395,-0.002848402,-0.002667705
2019/12/20,-0.007903806,0.000262969,0.001544858,0.008953933,-0.001685747
2019/12/23,-0.001222238,-0.000946065,-0.003581877,-0.000166964,-0.009421383
2019/12/24,-0.003770125,-0.008434425,-0.005314614,-0.004070413,0.004196174
2019/12/25,0.008294914,0.003920199,0.006680964,0.013078232,-0.003591006
2019/12/26,0.00486753,0.017095667,0.000230749,0.00701762,0.008584216
2019/12/27,0.022631479,0.018203518,0.006284953,0.014060406,0.002039622
2019/12/30,-0.001701575,0.000352775,0.012071392,0.016102332,0.01490212
2019/12/31,-0.007246891,-0.02677082,0.002575834,-0.00765898,0.00015313
2020/1/2,-0.009368436,-0.033241002,-0.010371336,-0.026194391,0.009014733
2020/1/3,-0.005347973,-0.006773532,-0.012610415,-0.016371635,-0.004061623
2020/1/6,0.008412041,0.01194468,0.004949114,0.009064813,-0.006966035
2020/1/7,-0.015058205,-0.005575847,-0.001997498,-0.005801642,0.005619961
2020/1/8,0.013960552,0.016947476,0.013748369,0.01749498,-0.011763995
2020/1/9,0.006547226,0.007136251,0.003940869,0.006760126,0.009774372
2020/1/10,0.007968745,0.008548337,0.001077766,0.001352436,0.000109338
2020/1/13,-0.011760725,-0.013134289,-0.008199532,-0.00896205,0.007251715
2020/1/14,-0.002369934,0.000401506,0.001692392,-0.001539346,-0.003082979
2020/1/15,-0.010314158,-0.003600443,-0.004527888,-0.006605113,-0.007334217
2020/1/16,-0.006894007,0.004331905,0.025312738,0.014641394,-0.00487726
2020/1/17,0.005038307,-0.011964911,-0.002864697,-0.005813836,0.003312353
2020/1/20,-0.020502252,-0.017806297,-0.002324037,-0.022291708,0.004198157
2020/1/21,0.001495862,0.000939079,-0.00043768,-0.000213681,-0.017572885
2020/1/22,-0.028740319,-0.023899138,-0.01691565,-0.028191609,0.001914338
2020/1/23,-0.07371477,-0.053518269,-0.024991665,-0.051298173,-0.028293154
2020/2/3,0.026777958,0.027307944,0.01699073,0.031327734,-0.070042822
2020/2/4,0,0,0,0,0.024776382
2020/2/5,0.018514576,0.030817518,0.025086423,0.026675632,0.006526267
2020/2/6,-0.001714019,0.004015821,-0.002814458,0.00283161,0.014927125
2020/2/7,0.001000714,-0.003732843,-0.004926953,0.011536424,-0.001112933
2020/2/10,0.014735574,0.022390176,0.010444328,0.016261065,-0.000577303
2020/2/11,0.008526531,0.004217967,0.016687539,0.010877995,0.010453554
2020/2/12,-0.009876334,-0.005483218,-0.008662152,-0.002720702,0.00546152
2020/2/13,0.000333701,-0.0007826,0.001077625,0.000886137,-0.006943845
2020/2/14,0.024764507,0.014909257,0.00660175,0.012066497,0.006811038
2020/2/17,-0.006987263,-0.009676463,-0.010833521,-0.017989152,0.01899975
2020/2/18,0.004567089,0.006268327,-0.004703757,0.004163741,-0.008702099
2020/2/19,0.024214395,0.015566982,0.007456765,0.012143124,-0.00021707
2020/2/20,0.001486054,0.000717032,-0.003064015,-0.001387968,0.018612861
2020/2/21,-0.015700865,-0.01069621,-0.010797686,-0.009595307,-0.003372795
2020/2/24,-0.010637067,-0.007420623,-0.001253909,-0.009846599,-0.012837981
2020/2/25,-0.001719919,0.000102383,-0.008378202,0.002107522,-0.007067906
2020/2/26,0.002934686,0.009339233,0.003036554,0.018881205,-0.002629683
2020/2/27,-0.037297033,-0.024464853,-0.020545015,-0.027093229,0.003571387
2020/2/28,0.028644323,0.031084768,0.009206964,0.047362957,-0.031247721
2020/3/2,0.007502211,0.009898654,0.016604537,0.008481859,0.030784513
2020/3/3,0.009970582,0.008624003,-0.00172952,0.005149861,0.004662218
2020/3/4,0.026636081,0.014697449,0.022368751,0.021767969,0.008941847
2020/3/5,-0.017060407,-0.015184518,-0.000907992,-0.015370385,0.023919222
2020/3/6,-0.035409168,-0.022142976,-0.020631645,-0.032268667,-0.017638855
2020/3/9,0.025193299,0.020592387,0.011778545,0.031456705,-0.032381265
2020/3/10,-0.007987412,-0.008184934,-0.009480579,-0.012806885,0.019306409
2020/3/11,-0.016331471,-0.010749226,-0.013716268,-0.019141405,-0.012261507
2020/3/12,-0.022339716,-0.014122515,-0.010973745,-0.020754075,-0.016057133
2020/3/13,-0.031297791,-0.031419595,-0.020871465,-0.040305905,-0.015205196
2020/3/16,-0.015006714,-0.008433742,-0.004262232,-0.013688665,-0.037425947
2020/3/17,-0.025823909,-0.019234609,-0.006913402,-0.01457169,-0.003129966
2020/3/18,-0.021779408,-0.017370673,-0.014493425,-0.020689463,-0.022283254
2020/3/19,0.026516883,0.026160969,0.010512296,0.035649307,-0.021311231
2020/3/20,-0.025773191,-0.020642149,0.002309276,-0.010874558,0.022813934
2020/3/23,0.03584568,0.030928689,0.023117428,0.0455004,-0.02617428
2020/3/24,0.030688514,0.019685814,0.021647712,0.024534538,0.031162526
2020/3/25,-0.009196363,-0.008485618,0.00453257,-0.00843063,0.023036858
2020/3/26,0.004180015,0.008846504,0.004068313,0.014744211,-0.004039054
2020/3/27,-0.003750535,0.003218038,0.000695252,6.00E-05,0.004523292
2020/3/30,0.010425566,-0.007721224,0.001860822,0.006982548,-0.004220964
2020/3/31,-0.007210363,-0.005804743,-0.010582533,-0.011794679,-0.000246465
2020/4/1,0.020552739,0.006540014,0.007480331,0.014092742,-0.002714195
2020/4/2,-0.008261291,-0.003116626,0.005602701,0.002220487,0.014096115
2020/4/3,0.015876543,0.024536984,0.008750971,0.028813403,-0.004067008
2020/4/7,-0.007165846,-0.004046525,-0.004328815,-0.003547696,0.017934642
2020/4/8,-0.000146823,0.001734953,0.008028407,0.006959194,-0.004903122
2020/4/9,0.000248086,-0.00108086,-0.005155217,-0.00177326,0.003171232
2020/4/10,-0.000361442,0.005192206,-0.000441191,0.00702179,-0.000995935
2020/4/13,0.012758106,0.011907737,0.010995959,0.014668552,-0.003883853
2020/4/14,-0.003709754,-0.011194215,-0.006192343,-0.011978265,0.016995461
2020/4/15,0.003760615,0.002748968,0.000654006,0.000446715,-0.00762162
2020/4/16,0.028440839,0.017935479,0.000616214,0.012709768,0.001364918
2020/4/17,0.001555499,0.004875196,-0.000451767,0.007256931,0.014743585
2020/4/20,-0.016447374,-0.012541709,-0.006616275,-0.014538112,0.003815526
2020/4/21,0.017377762,0.015221086,0.006602517,0.021306873,-0.012504815
2020/4/22,0.003451388,-0.006922048,-0.005537546,-0.009856543,0.007076412
2020/4/23,-0.006116105,-0.00269415,-0.00410548,-0.002051674,-0.002345058
2020/4/24,0.011788404,0.008534729,0.006610388,0.009257382,-0.007733853
2020/4/27,0.004659249,0.004795846,6.10E-05,0.001507646,0.01051709
2020/4/28,0.005099911,0.006054416,-0.000559117,0.000706194,0.007100726
2020/4/29,-0.001190461,0.003814918,0.00406358,-0.002123237,0.006964258
2020/4/30,0.006212096,0.007860627,0.009475709,0.017624613,0.006008617
2020/5/6,-0.000799909,0.004830747,-0.000932035,0.010856244,0.000676996
2020/5/7,0.008873467,0.007288909,0.00768136,0.003085231,-0.003290052
2020/5/8,0.004933746,0.006228385,-0.009512066,0.000503857,0.006512525
2020/5/11,-0.002628932,-0.005185673,0.000509323,0.003123011,-0.000405463
2020/5/12,3.28E-05,-0.003645998,-0.001146974,-0.000668312,-0.000783572
2020/5/13,-0.011656579,-0.01850526,-0.003630361,-0.011951947,-0.000656887
2020/5/14,-0.009498357,-0.010159566,-0.007426215,-0.011689714,-0.011570024
2020/5/15,0.011063348,0.010241596,0.003704641,0.01782711,-0.00523603
2020/5/18,0.004620349,0.003888643,0.00561009,0.002350066,0.006199615
2020/5/19,0.001796951,-0.005816208,0.001572894,-0.002997637,0.008281521
2020/5/20,0.002632622,-0.003568539,0.002253775,0.007774943,-0.001582987
2020/5/21,-0.02425382,-0.022227513,-0.016339904,-0.02818634,-0.00326171
2020/5/22,0.00188126,-0.000333704,0.001004545,0.012739614,-0.024945098
2020/5/25,0.001644488,0.005386054,0.003780902,0.004233282,0.005007512
2020/5/26,-0.007889819,-0.01145121,-0.007531155,-0.013848155,0.006858205
2020/5/27,0.008742707,0.005662902,0.002549346,0.00153249,-0.004756836
2020/5/28,0.001796583,-0.008161237,-0.004161748,0.000823804,0.00507394
2020/5/29,0.032545455,0.020330225,0.013912653,0.029332525,-0.001067921
2020/6/1,0.0046007,-0.001358386,0.001565661,-0.005699609,0.022692953
2020/6/2,0.005715347,0.008432019,0.004357405,-0.002886642,0.005422673
2020/6/3,3.75E-05,-0.010815731,-0.003598439,-0.002120945,0.001104604
2020/6/4,0.007296916,-0.000883543,0.003353098,0.005013454,-0.001988606
2020/6/5,0.003401939,0.005384579,-0.000121571,-0.011003284,0.004503838
2020/6/8,0.006599749,0.006898129,0.003424834,0.013164363,0.004570305
2020/6/9,-0.002264216,0.004204531,-0.001507756,0.012443062,0.006433079
2020/6/10,-0.015725721,-0.008700877,-0.006883847,-0.012166254,-0.006771496
2020/6/11,0.002763768,-0.008300268,0.000991342,0.003811708,-0.010989366
2020/6/12,-0.02173525,-0.011952694,-0.010418786,-0.016807439,0.002643026
2020/6/15,0.012532251,0.008114546,0.008492514,0.016553428,-0.015778944
2020/6/16,-0.002419978,-0.003353267,0.003062114,0.007281878,0.014227047
2020/6/17,0.003328759,0.004502266,-0.001880923,0.003666444,0.000743211
2020/6/18,0.015530584,0.010747509,0.00806871,0.016446353,0.002716085
2020/6/19,9.05E-05,-0.005521391,-0.001138346,-0.003143061,0.012799808
2020/6/22,0.008609341,-0.007730417,-0.000554009,0.008827413,-0.001382156
2020/6/23,0.008434417,0.011859343,0.005540146,0.001618875,0.001206239
2020/6/24,-0.013719764,-0.022213444,-0.007831208,-0.008982871,0.006172558
2020/6/29,0.002677248,0.004458393,0.001926512,0.000814213,-0.006111793
2020/6/30,0.024745755,0.033817328,0.011810508,0.020769589,0.005671097
2020/7/1,0.042148924,0.038659643,0.014962627,0.022148782,0.023040548
2020/7/2,0.035212555,0.035169171,0.024048083,0.004293443,0.024711107
2020/7/3,0.061342235,0.056641706,0.046925379,0.031809267,0.024291315
2020/7/6,0.031132993,-0.006614206,-0.001933617,0.023911606,0.068049107
2020/7/7,0.029818643,0.027803894,0.001553778,-0.002522736,0.002259719
2020/7/8,0.023642692,0.023242419,-0.006177303,0.015962258,0.014248228
2020/7/9,-0.027700713,-0.041606349,-0.01921814,-0.008568223,0.00352064
2020/7/10,0.013571714,0.015937841,0.005105585,0.024822217,-0.026217305
2020/7/13,-0.012894829,-0.001595739,0.000542447,-0.006230551,0.011437206
2020/7/14,-0.006142308,-0.01392971,-0.014733804,-0.000602551,-0.012413679
2020/7/15,-0.074902817,-0.053031867,-0.014679129,-0.058876933,-0.010234851
2020/7/16,0.002890176,0.005570405,0.002021437,0.014349781,-0.04579067
2020/7/17,0.030496691,0.080319975,0.018329888,0.028111882,0.007547631
2020/7/20,0.01299867,-0.007033062,-0.006919545,0.002945905,0.032023727
2020/7/21,-0.001865335,-0.005539852,-0.002376812,0.002632861,-0.00033468
2020/7/22,-0.0087657,-0.006457658,-0.011001278,-0.001110637,0.001383072
2020/7/23,-0.044617095,-0.043020649,-0.019268435,-0.04286492,-0.002202797
2020/7/24,0.005340313,0.005870486,-0.002620244,0.013194021,-0.038313238
2020/7/27,0.013584006,-0.00126469,0.002499222,0.010750116,0.001565786
2020/7/28,0.018581652,0.025067096,0.010836433,0.008269128,0.007163499
2020/7/29,-0.006401615,-0.003476248,-0.008186106,0.003175156,0.018046603
2020/7/30,0.003240102,0.002041005,0.003532708,-0.001766642,-0.0036584
2020/7/31,0.008902766,0.020193366,0.008449043,-0.000255449,0.005513877
2020/8/3,0.017944856,0.0149329,0.015245405,0.005347019,0.009775439
2020/8/4,-0.008748882,-0.015577578,-0.007106183,-0.008033489,0.009457922
2020/8/5,0.003094792,0.004467417,0.010417231,-0.014026324,-0.005985326
2020/8/6,0,0,0,0,-3.31E-05
2020/8/7,0.005326499,0.009125567,0.002217419,0.000133538,-0.008643095
2020/8/10,-0.004534097,-0.016141735,0.002959446,-0.000791322,0.006745226
2020/8/11,-0.001407174,-0.009837877,0.001731402,-0.015419465,-0.006980363
2020/8/12,-0.000423281,0.000166745,0.000102296,-0.001466895,-0.004010728
2020/8/13,0.036610337,0.028737242,0.013018671,0.010326809,-0.002428965
2020/8/14,0.043649926,0.046682862,0.02444772,0.019441763,0.014395971
2020/8/17,0.016735717,0.010769947,0.00013973,0.009437486,0.024428875
2020/8/18,-0.030618909,-0.029214741,-0.016293575,-0.008490313,-0.000450451
2020/8/19,-0.020271088,-0.021625207,-0.017045326,-0.015791238,-0.017720858
2020/8/20,0.009183446,0.007587293,0.008512808,0.004251709,-0.013038344
2020/8/21,-0.005611903,0.012565506,0.003068394,0.017214331,0.006185816
2020/8/24,0.006482528,-0.000314175,0.005515083,0.009938041,0.004260263
2020/8/25,-0.007684869,-0.012306263,-0.00990732,-0.001494203,0.003673667
2020/8/26,0.000275179,0.005404904,0.004422989,-0.000529674,-0.009951798
2020/8/27,0.025804908,0.020493272,0.017699666,0.016088064,0.003934055
2020/8/28,-0.002729707,-0.015905156,-0.010845415,-0.001213882,0.023597071
2020/8/31,0.003036759,-0.000361668,0.000458817,-0.000950088,-0.007288333
2020/9/1,-0.001990857,-0.000627541,-0.004223139,-0.002801224,0.003351757
2020/9/2,-0.005738238,-0.001728305,-0.001469773,-2.51E-06,-0.002322378
2020/9/3,-0.011721527,-0.010627862,-0.003711723,-0.008208746,-0.003851547
2020/9/4,-0.020372725,-0.024441792,-0.003649862,-0.019171698,-0.007558244
2020/9/7,0.020943748,0.030893727,0.019611452,0.004243659,-0.016857107
2020/9/8,-0.011568256,-0.020908372,-0.01005907,-0.016638455,0.011215347
2020/9/9,0.010225571,0.008825614,0.003986886,0.005781099,-0.016477937
2020/9/10,0.006604159,0.004743845,-5.23E-05,0.009066098,0.003028244
2020/9/11,0.000243763,0.005393802,0.006621184,0.012908369,0.006160804
2020/9/14,0.001561494,0.006475247,0.007292649,-0.000682395,0.008774806
2020/9/15,-0.009995571,-0.001570774,0.002320883,-0.010913903,0.00713067
2020/9/16,-0.018499889,-0.004417789,-0.005517891,-0.021446268,-0.00664828
2020/9/17,0.044130114,0.039869979,0.026473151,0.020468856,-0.009375335
2020/9/18,-0.014963692,-0.009875588,-0.012373393,-0.010183566,0.025451755
2020/9/21,-0.005580197,-0.012490536,-0.011890605,-0.004563744,-0.010808601
2020/9/22,-0.007494323,-0.005693719,-0.007930094,-0.004910447,-0.012403273
2020/9/23,-0.005739036,-0.009639707,-0.011477607,-0.015877962,0.001595985
2020/9/24,0.002559859,-0.002744537,0.002415384,0.001045006,-0.017407585
2020/9/25,0.005016397,0.002181624,0.006535215,0.004560337,0.003436432
2020/9/28,-0.005178985,-0.003939577,-0.013140193,-0.002311073,0.006416821
2020/9/29,-0.00869488,-0.011863208,-0.00566461,-0.000226754,-0.00282381
2020/9/30,0.013147827,0.014103958,0.009866857,0.015657607,-0.002747242
2020/10/9,0.035980569,0.035618857,0.025383734,0.0243158,0.016841539
2020/10/12,-8.58E-05,0.001425314,0.005783984,-0.004378978,0.030736839
2020/10/13,-0.002472413,-0.007413266,0.001190552,-0.007178254,-0.000292749
2020/10/14,0.010109662,0.006134572,0.013234615,0.001344503,-0.005136035
2020/10/15,0.011351079,0.005809082,0.012759976,-0.003889304,0.000564951
2020/10/16,-0.00113362,-0.006107498,0.000732424,-0.011039978,0.002600551
2020/10/19,0.004458894,0.003772503,0.007593613,0.009053018,-0.007650919
2020/10/20,0.014623563,0.011494792,0.017380265,-0.002743408,0.0027414
2020/10/21,-0.004497375,-0.013600374,-0.000135962,-0.001350997,0.004139018
2020/10/22,-0.015343559,-0.016786823,-0.007573827,-0.01044641,-0.002337462
2020/10/23,-0.01944148,-0.016890778,-0.021297443,-0.016383173,-0.006802729
2020/10/26,0.002680319,0.009627496,-0.001256981,-0.000449218,-0.012521455
2020/10/27,0.005959527,0.001783951,0.005061724,0.012226715,-0.00321224
2020/10/28,-0.003235727,0.001097946,0.003888823,0.004111033,0.005811411
2020/10/29,-0.01885589,-0.021891639,-0.010149058,-0.012156208,0.003382891
2020/10/30,-0.004759188,-0.002055857,0.004447606,0.005295895,-0.013252218
2020/11/2,0.015692335,0.009584124,0.014525618,0.01105168,-0.004416313
2020/11/3,-0.003036312,0.010200037,0.017744756,0.017702116,0.012734115
2020/11/4,0.001830394,0.009345244,0.008141133,0.01259615,0.007469574
2020/11/5,-0.016569211,-0.00692332,-0.008891387,-0.011030212,0.01119768
2020/11/6,0.019089657,0.01931695,0.019693952,0.015837936,-0.003081642
2020/11/9,0.000246016,-0.01373087,0.00111993,-0.009723453,0.017610568
2020/11/10,-0.00115852,0.009023391,0.003682181,-0.001245055,-0.000624438
2020/11/11,-0.010118069,-0.007175961,-0.011579182,-0.000277103,-0.001437675
2020/11/12,-0.018268303,-0.01855992,-0.020808491,-0.015755239,-0.004067478
2020/11/13,0.010319149,0.014013021,0.009693189,0.01169162,-0.017379494
2020/11/16,0.003262677,0.005517388,0.008449195,0.001761628,0.011622617
2020/11/17,0.012290014,0.005630575,0.012225131,-0.001957043,0.000640844
2020/11/18,-0.000395627,-0.008040426,0.005578846,0.006469081,0.002299458
2020/11/19,-0.001938503,0.001062346,0.003021986,-0.000205706,0.006805047
2020/11/20,0.004152634,0.011047621,0.011834613,0.015719825,0.000539164
2020/11/23,-0.006408227,-0.00546796,-0.0145092,-0.003907271,0.016961737
2020/11/24,-0.004483591,-0.010748101,-0.007017146,-0.014374977,-0.007804964
2020/11/25,0.002157171,-0.005626307,0.003102139,-0.001124735,-0.006515569
2020/11/26,0.01616391,0.024913066,0.020489792,0.01173321,0.007440067
2020/11/27,-0.015392687,-0.004201517,-0.024284552,-0.009056155,0.015358129
2020/11/30,0.022508316,0.01437326,0.028472851,0.014528483,-0.008357802
2020/12/1,-0.001852733,-0.00713891,0.000844589,-0.000932044,0.024383371
2020/12/2,0.001034394,-0.005918729,-0.004182109,0.005790891,-0.002440564
2020/12/3,-0.005466029,-0.003106535,-0.009640501,0.010601996,-0.002404762
2020/12/4,-0.010755259,-0.014278296,-0.01716992,-0.009233755,0.001330717
2020/12/7,0.000419948,-0.006587398,-0.002421601,0.00478071,-0.008916791
2020/12/8,-0.008131591,-0.011967584,-0.002801957,-0.009661551,-0.003101105
2020/12/9,-0.006840954,-0.008627426,-0.005898974,0.001212187,-0.008725293
2020/12/10,-0.015445907,-0.008658775,-0.022378806,-0.006317268,-0.002736695
2020/12/11,0.008067251,-0.002746062,0.017251348,0.008383319,-0.009013526
2020/12/14,0.009759253,0.009741903,-0.003439523,0.019339082,0.011642961
2020/12/15,0.001764085,0.000565819,-0.001857588,0.000851492,0.000306162
2020/12/16,0.023683644,0.020426951,0.005921329,0.026528679,0.004778645
2020/12/17,-0.010237179,-0.005969189,-0.015747678,-0.003321644,0.015531969
2020/12/18,0.003922788,0.000913172,-0.001386687,0.004046675,-0.008918051
2020/12/21,-0.024199072,-0.026611474,-0.026298254,-0.007698811,0.00407292
2020/12/22,0.004488525,0.007003503,0.007938489,-0.005094551,-0.014581425
2020/12/23,0.005647909,0.002814062,0.001034705,0.005663884,0.006823701
2020/12/24,0.01532079,0.010353283,0.002448443,0.016316725,-0.001520237
2020/12/25,-0.003751517,-0.00358469,0.011218161,0.001901499,0.006652386
2020/12/28,-0.009907851,-0.004503949,-0.004581065,-0.011254701,0.003231529
2020/12/29,0.010331543,0.007829389,0.001745217,0.027930871,-0.001840863
2020/12/30,0.011887304,0.012978736,0.018275576,0.009641638,0.016143034
2020/12/31,-0.009858896,-0.003621371,-0.015124898,-0.004041868,0.018608217
2021/1/4,-0.00345294,-0.001861622,-0.016565859,0.009842705,0.000747204
2021/1/5,0.023848478,0.030143061,0.037059977,0.021209099,0.010980032
2021/1/6,0.018025433,0.009581721,0.025296574,0.01476478,0.014466289
2021/1/7,0.004515399,0.00955007,0.008156309,-0.004443448,0.019113789
2021/1/8,0.000948354,-0.005639424,0.015593536,0.002635772,-0.00518646
2021/1/11,0.038275264,0.040406358,0.038100792,0.02111317,-0.003112145
2021/1/12,-0.012945222,-0.015130098,-0.009255574,-0.007038526,0.034315423
2021/1/13,-0.007792858,-0.013516482,-0.002277774,-0.013162996,-0.008421139
2021/1/14,0.019511623,0.007911678,0.033134074,-0.000892812,-0.016008428
2021/1/15,-0.004096887,-0.008155248,0.003764965,-0.00843487,0.001760668
2021/1/18,-0.009001501,-0.011819885,-0.003335939,-0.020526055,0.008241027
2021/1/19,-0.004439847,-0.009379875,-0.006844725,0.005361298,-0.010574172
2021/1/20,0.010135473,0.003159973,0.009484244,0.012275302,0.001564762
2021/1/21,-0.007111667,-0.010849027,-0.022637677,0.008621477,0.00928058
2021/1/22,0.002117564,0.005147156,0.009377442,0.013981797,-0.000950999
2021/1/25,-0.021181619,-0.021445186,-0.015544761,-0.021904726,0.013454886
2021/1/26,0.004802851,0.00182355,0.00854393,-0.005889653,-0.021768572
2021/1/27,-0.011938202,-0.014856472,-0.008912737,-0.010393331,0.001305434
2021/1/28,-0.012820868,-0.011917684,-0.014373615,-0.001773729,-0.021799019
2021/1/29,0.006959041,0.001123509,0.017681167,-0.000987343,-0.00583304
2021/2/1,0.00531356,0.004614801,-0.007816214,0.014801099,0.008920656
2021/2/2,0.001120085,-0.006674052,0.00825688,0.006499337,0.006699362
2021/2/3,-0.010296847,-0.018209611,-0.003154697,0.015004762,0.001127518
2021/2/4,0.018324408,0.013362193,0.014470313,0.016181032,0.006858396
2021/2/5,-0.004057524,-0.002200521,-0.003482496,0.007411672,0.010297853
2021/2/8,0.013460293,0.013203307,0.006362827,0.019819198,0.012939892
2021/2/9,0,0,0,0,0.016029496
2021/2/10,0.004885761,0.010437887,0.019530799,-0.000377308,0.019151177
2021/2/18,-0.000999854,-0.000992876,-0.000999981,-0.000780293,-0.003526051
2021/2/19,0,0,0,0,3.30E-05
2021/2/22,0,0,0,0,-0.03302771
2021/2/23,0,0,0,0,0.004082648
2021/2/24,0,0,0,0,-0.023666293
2021/2/25,0,0,0,0,0.011971472
2021/2/26,0,0,0,0,-0.024453023
2021/3/1,0,0,0,0,0.008254181
2021/3/2,0,0,0,0,-0.018241283
2021/3/3,0,0,0,0,0.026524576
2021/3/4,0,0,0,0,-0.028488457
2021/3/5,0,0,0,0,-0.005387066
2021/3/8,0,0,0,0,-0.031244441
2021/3/9,0.002026522,-3.53E-05,0.001845618,2.64E-05,-0.017858831
2021/3/10,0.010023202,0.000439754,0.009771059,0.003778278,0.006393467
2021/3/11,-0.000278873,-1.03E-05,-0.000259698,-0.000104155,0.026401902
2021/3/12,0,0,0,0,0.002006231
2021/3/15,0,0,0,0,-0.01808663
2021/3/16,0,0,0,0,0.009051979
2021/3/17,0,0,0,0,-0.00231462
2021/3/18,0,0,0,0,0.004113473
2021/3/19,0,0,0,0,-0.025955258
2021/3/22,0,0,0,0,0.007518977
2021/3/23,0,0,0,0,-0.00623568
2021/3/24,0,0,0,0,-0.014310356
2021/3/25,0.002459145,0.001094317,0.00249846,2.57E-05,-0.00062593
2021/3/26,0.001643842,-3.59E-05,0.002470928,0.000397871,0.019012102
2021/3/29,0.002902153,2.27E-05,0.003833491,0.00085733,0.002261591
2021/3/30,-0.008986884,-0.003088915,-0.011597903,-0.001351867,0.01117457
2021/3/31,0.008778083,0.00160838,0.010842462,-2.55E-05,-0.010587426
2021/4/1,0.033765782,0.002552487,0.042342557,-8.07E-05,0.012228251
2021/4/2,-0.000662639,-6.63E-05,-0.000780648,-1.68E-05,0.009521918
2021/4/6,0,0,0,0,-0.0060978
2021/4/7,0.000472092,3.71E-05,0.000383263,-1.17E-05,-0.010081622
2021/4/8,-0.000443452,-0.000127306,-0.0060451,-7.23E-05,0.004093952
2021/4/9,-0.001456106,-4.54E-05,-0.002146511,-0.000180322,-0.016491965
2021/4/12,0.000672975,-6.39E-05,0.002528947,0.000510125,-0.010541842
2021/4/13,0.001584442,-8.74E-05,0.007519678,0.000203341,-0.004488325
2021/4/14,-0.000229162,-1.93E-05,-0.000615702,-3.25E-05,0.002228395
2021/4/15,0,0,0,0,-0.010861264
2021/4/16,0,0,0,0,0.004840779
2021/4/19,0,0,0,0,0.018935362
2021/4/20,0,0,0,0,-0.000931122
2021/4/21,0,0,0,0,0.001701849
2021/4/22,0,0,0,0,-0.008154068
2021/4/23,0,0,0,0,0.010493266
2021/4/26,0,0,0,0,-0.015993404
2021/4/27,0,0,0,0,0.002491968
2021/4/28,0,0,0,0,-0.000938612
2021/4/29,0,0,0,0,0.012718401
2021/4/30,0,0,0,0,-0.007398676
2021/5/6,0,0,0,0,-0.011815234
2021/5/7,0,0,0,0,-0.012646081
2021/5/10,0,0,0,0,-0.001856965
2021/5/11,0,0,0,0,0.011096696
2021/5/12,0,0,0,0,0.00295202
2021/5/13,0,0,0,0,-0.009853382
2021/5/14,0,0,0,0,0.026113447
2021/5/17,0,0,0,0,0.010526723
2021/5/18,0,0,0,0,-0.000626061
2021/5/19,0,0,0,0,-0.007414119
2021/5/20,0,0,0,0,0.00312798
2021/5/21,0,0,0,0,-0.011523027
2021/5/24,0,0,0,0,0.004562214
2021/5/25,0,0,0,0,0.041039247
2021/5/26,0,0,0,0,0.004366033
2021/5/27,0,0,0,0,0.002119633
2021/5/28,0,0,0,0,-0.001540543
2021/5/31,0,0,0,0,-0.002478947
2021/6/1,0,0,0,0,0.000185989
2021/6/2,0,0,0,0,-0.007807876
2021/6/3,0,0,0,0,-0.008624536
2021/6/4,0,0,0,0,0.005999544
2021/6/7,0,0,0,0,-0.003208762
2021/6/8,0,0,0,0,-0.005783079
2021/6/9,0,0,0,0,0.00202456
2021/6/10,0,0,0,0,0.005615866
2021/6/11,0,0,0,0,-0.00856559
2021/6/15,0,0,0,0,-0.013450376
2021/6/16,0,0,0,0,-0.012010395
2021/6/17,0,0,0,0,-0.001344467
2021/6/18,-0.000859712,-0.000182031,-0.000756964,-0.000629839,-0.007758472
2021/6/21,-0.000559211,-0.000188747,-0.00080385,4.79E-07,-0.006755161
2021/6/22,-0.006662453,-0.00043447,-0.006491546,-2.62E-05,0.009749648
2021/6/23,0.004548609,-0.000116025,0.006844237,1.73E-06,0.001915141
2021/6/24,0.010639864,0.001329048,0.012950425,0.00083531,0.00362056
2021/6/25,0.003016728,-0.00013173,0.003543619,0.000241267,0.014670072
2021/6/28,-0.015213464,-0.001431078,-0.017282401,-0.001971272,-0.004038197
2021/6/29,-0.002156454,-8.33E-05,-0.002622653,-0.000183447,-0.010796044
2021/6/30,0.021722864,0.000501102,0.022674846,0.003032936,0.004569744
2021/7/1,-0.043651414,-0.006887132,-0.0432973,-0.010259393,0.010461325
2021/7/2,-0.00970797,-0.000554636,-0.008894992,-0.001156391,-0.035927342
2021/7/5,0.009003358,0.00034808,0.009769069,0.000999936,-0.001011139
2021/7/6,-0.004172937,-0.000134934,-0.004471095,-0.000162161,0.000143357
2021/7/7,-0.010233712,-0.001323723,-0.009964322,-0.001400144,0.00561214
2021/7/8,-0.005841322,-0.000527072,-0.006569117,-0.000283029,-0.014932354
2021/7/9,-0.004998796,-0.000846205,-0.005621729,0.000170056,-0.003456868
2021/7/12,0.008748842,0.001070225,0.010894116,0.000315751,0.006816051
2021/7/13,-0.011969686,-0.001612727,-0.010976397,-0.000851923,0.002137564
2021/7/14,0.017756837,0.00300317,0.018388272,0.001820146,-0.01543779
2021/7/15,-0.018235048,-0.000603591,-0.020667909,-0.000292348,0.021533272
2021/7/16,0.00977276,-0.000649512,0.009205163,4.52E-05,-0.012133068
2021/7/19,0.003972462,-0.000123563,0.002479347,-0.000274034,0.004589751
2021/7/20,-0.00540157,0.000199065,-0.00526008,-0.000221771,-0.001990095
2021/7/21,-0.012660672,-0.000729607,-0.013612311,-0.001514057,0.002927489
2021/7/22,-0.019117877,-0.002159974,-0.020266684,-0.001456726,0.001238417
2021/7/23,-0.0438434,-0.00726914,-0.050275412,-0.006283262,-0.010395652
2021/7/26,-0.0513844,-0.002928324,-0.049995247,-0.010278649,-0.038445045
2021/7/27,0.030619232,0.002952858,0.031543726,0.003075916,-0.031593066
2021/7/28,-0.010057558,-0.00020999,-0.010828876,-0.000689239,0.009039093
2021/7/29,-0.037630789,-0.000807022,-0.038973294,-0.000719293,0.008926769
2021/7/30,0.04348125,0.007998225,0.045688275,0.006778329,-0.01570176
2021/8/2,0.000909788,9.93E-05,-0.00284337,8.48E-05,0.025000986
2021/8/3,-0.01326281,-0.000178192,-0.013953339,-9.51E-05,0.003949247
2021/8/4,-0.013586982,0.000359021,-0.0136038,0.000446294,0.00287773
2021/8/5,-0.015969252,-0.000459963,-0.016406415,-0.000260994,-0.00177656
2021/8/6,0.016393117,0.005197605,0.014688244,0.003027624,-0.00981087
2021/8/9,0.054940854,0.00258432,0.059764916,0.000881923,0.012363629
2021/8/10,-0.024807353,-0.0003142,-0.026142635,-8.06E-05,0.016519781
2021/8/11,-0.032501737,-0.000382476,-0.033489088,-0.000353369,-0.007929147
2021/8/12,0.005947986,0.000729522,0.005853735,0.000638547,-0.011175712
2021/8/13,-0.001416372,0.000193752,-0.00010277,0.000108083,-0.002565595
2021/8/16,-0.031429661,-0.000196565,-0.03606577,-0.000460071,0.00148721
2021/8/17,-0.004993203,0.00381892,-0.007654146,0.003706338,-0.022572891
