Date,ppo_strategy,a2c_strategy,ddpg_strategy,ensemble_strategy,SSE 50 Index,turbulence
2018/1/2,,,,,,40.601317
2018/1/3,0.9999843,1.0000187,1.001648859,1.001648859,1.001556623,42.84960329
2018/1/4,0.99999335,1.000057101,1.001854582,1.001854582,1.003694703,49.63280932
2018/1/5,1.00004015,1.001747924,1.005081368,1.005081368,1.008121752,50.07593262
2018/1/8,1.000101552,1.006835291,1.015093135,1.015093135,1.013418047,54.4947052
2018/1/9,1.000144756,1.007321325,1.016609243,1.016609243,1.020828906,54.38589975
2018/1/10,1.000085748,1.006743172,1.01135436,1.01135436,1.029852288,47.00553774
2018/1/11,1.000101649,1.007571197,1.018604448,1.018604448,1.030361342,38.01205939
2018/1/12,1.000406581,1.00844738,1.017861875,1.017861875,1.037770379,41.5825334
2018/1/15,1.000438394,1.008953264,1.012457023,1.012457023,1.048156967,48.07739032
2018/1/16,1.000728799,1.008607205,0.99987732,0.99987732,1.053332212,48.66750347
2018/1/17,1.000803354,1.008980633,1.001471453,1.001471453,1.057568079,43.49218561
2018/1/18,1.000915496,1.009674308,1.00155117,1.00155117,1.068008952,57.60259061
2018/1/19,1.000644824,1.011284789,1.007359407,1.007359407,1.071883355,64.61561499
2018/1/22,1.00113402,1.013369434,1.009389039,1.009389039,1.076183751,45.8586569
2018/1/23,1.001756393,1.014156227,1.007566458,1.007566458,1.092058127,50.9961747
2018/1/24,1.001256421,1.011371275,1.006665036,1.006665036,1.093374026,51.75929574
2018/1/25,1.001775438,1.013841245,1.00957883,1.00957883,1.0855106,55.49865152
2018/1/26,1.001120158,1.007733183,1.004139485,1.004139485,1.09077695,48.86773864
2018/1/29,1.000197397,1.006587645,1.001643393,1.001643393,1.07287138,57.48696917
2018/1/30,1.0002134,1.010518757,1.005366263,1.005366263,1.05857742,44.47556067
2018/1/31,1.00059711,1.011334334,1.008089284,1.008089284,1.071543655,45.5822761
2018/2/1,1.001666924,1.012660386,1.011525163,1.011525163,1.079931124,49.05623843
2018/2/2,1.002440397,1.012179209,1.013189225,1.013189225,1.0828229,54.44438772
2018/2/5,0.99985475,1.002975669,1.00675134,1.00675134,1.093720398,74.53402407
2018/2/6,0.998445377,0.994261047,0.998265589,0.998265589,1.071769664,75.94347466
2018/2/7,0.995964362,0.989098953,0.99011676,0.99011676,1.041553953,48.67897044
2018/2/8,0.991563075,0.978927614,0.979880331,0.979880331,1.012758827,36.92386559
2018/2/9,0.991483948,0.980141432,0.979339737,0.979339737,0.966066141,28.51241005
2018/2/12,0.99187492,0.98312279,0.982713757,0.982713757,0.964410334,27.27756978
2018/2/13,0.991754819,0.984428909,0.98507386,0.98507386,0.980742503,28.54545737
2018/2/14,0.993145443,0.988953304,0.988878094,0.988878094,0.987298763,31.59126069
2018/2/22,0.993672386,0.991214076,0.990186757,0.990186757,1.007958694,40.56081498
2018/2/23,0.994881355,0.994888841,0.994339356,0.994339356,1.016653033,39.09979552
2018/2/26,0.9938102,0.989473483,0.986070648,0.986070648,1.022364972,42.97354271
2018/2/27,0.992437055,0.983350368,0.977669951,0.977669951,1.00631375,28.19228383
2018/2/28,0.992663139,0.986821921,0.982808948,0.982808948,0.989663813,26.63293021
2018/3/1,0.991888405,0.982898995,0.977596042,0.977596042,0.994006462,29.10805047
2018/3/2,0.991954961,0.984497493,0.971214013,0.971214013,0.984684599,26.43673244
2018/3/5,0.993249386,0.990188848,0.973357126,0.973357126,0.984618428,20.86085159
2018/3/6,0.992889357,0.990784264,0.970788925,0.970788925,0.994411115,22.55189012
2018/3/7,0.993143386,0.99738313,0.97951909,0.97951909,0.989486426,19.0096104
2018/3/8,0.993315008,1.000280583,0.982991118,0.982991118,0.996397892,22.37834819
2018/3/9,0.993894585,1.000601772,0.980505007,0.980505007,0.999816289,23.18916439
2018/3/12,0.99274363,0.994079417,0.96714109,0.96714109,1.000291376,30.03488875
2018/3/13,0.992404968,0.993750085,0.982839825,0.982839825,0.991283258,32.72140878
2018/3/14,0.992869873,1.002863091,1.002855842,1.002855842,0.987142931,39.05884976
2018/3/15,0.992101207,0.997284941,0.994870205,0.994870205,0.99527321,42.68171073
2018/3/16,0.992840907,1.012284438,1.008855548,1.008855548,0.9869359,43.0160262
2018/3/19,0.993273064,1.014471803,1.003853728,1.003853728,0.996054651,46.30410417
2018/3/20,0.993223301,1.011736605,0.997847217,0.997847217,0.99850981,49.16853001
2018/3/21,0.992688121,1.004841881,0.982889497,0.982889497,0.994998418,40.99809902
2018/3/22,0.989710906,0.992807794,0.963386062,0.963386062,0.985539553,40.06080478
2018/3/23,0.988077787,0.990439887,0.957684194,0.957684194,0.959685398,42.41595986
2018/3/26,0.988723611,0.988703643,0.958228889,0.958228889,0.941602122,62.26390649
2018/3/27,0.986252452,0.970387964,0.93105373,0.93105373,0.944599717,60.12532739
2018/3/28,0.988300534,0.974922641,0.941137485,0.941137485,0.926460781,44.95249502
2018/3/29,0.987451437,0.982291739,0.936271077,0.936271077,0.941575513,39.52979931
2018/3/30,0.987486788,0.977616552,0.936133952,0.936133952,0.935855631,60.2164817
2018/4/2,0.98681732,0.974458782,0.93468679,0.93468679,0.932149721,50.27129222
2018/4/3,0.986585189,0.974822236,0.941662605,0.941662605,0.927301731,53.41445513
2018/4/4,0.987839564,0.973726148,0.948638475,0.948638475,0.92905411,42.23121065
2018/4/9,0.990933637,0.991826496,0.96789448,0.96789448,0.933648071,37.02648414
2018/4/10,0.990968022,0.994266112,0.967038051,0.967038051,0.956019264,35.91045882
2018/4/11,0.989990222,0.989882079,0.954891538,0.954891538,0.957578363,38.6385302
2018/4/12,0.987962344,0.970937572,0.944158929,0.944158929,0.9453256,44.13278055
2018/4/13,0.983556225,0.962152956,0.927140983,0.927140983,0.937314205,28.81792764
2018/4/16,0.983426008,0.953269983,0.917986701,0.917986701,0.916105271,41.65081814
2018/4/17,0.985523792,0.961204912,0.919221495,0.919221495,0.906134843,35.84120644
2018/4/18,0.98653114,0.967845731,0.92717587,0.92717587,0.912345763,40.5949378
2018/4/19,0.983573012,0.966888861,0.923843658,0.923843658,0.922241038,38.89157126
2018/4/20,0.985127504,0.971441957,0.927473169,0.927473169,0.910147967,42.87887776
2018/4/23,0.988626602,0.980948655,0.937672902,0.937672902,0.916178499,42.66308662
2018/4/24,0.986245445,0.986867684,0.937737601,0.937737601,0.93609436,39.47398241
2018/4/25,0.984134307,0.97196999,0.932788853,0.932788853,0.929264167,48.0093091
2018/4/26,0.986688127,0.976796915,0.937795574,0.937795574,0.916558871,35.6724993
2018/4/27,0.986567078,0.971537709,0.939050347,0.939050347,0.912268238,35.50396496
2018/5/2,0.9891451,0.977380284,0.939127162,0.939127162,0.911988907,29.9306492
2018/5/3,0.987636082,0.968084258,0.934919589,0.934919589,0.915854543,30.81097883
2018/5/4,0.990671582,0.986429554,0.942189322,0.942189322,0.909796783,32.66696083
2018/5/7,0.992564001,1.001859447,0.953979333,0.953979333,0.922686902,33.62479622
2018/5/8,0.992421739,1.001089333,0.95342247,0.95342247,0.936105568,32.29997266
2018/5/9,0.993512529,1.025095423,0.960121437,0.960121437,0.934166338,32.70828932
2018/5/10,0.99176774,1.0161794,0.951051111,0.951051111,0.93834713,47.58544582
2018/5/11,0.992221879,1.033701238,0.959760013,0.959760013,0.936736841,36.19359117
2018/5/14,0.99198438,1.038032819,0.962113459,0.962113459,0.946644629,33.56347205
2018/5/15,0.989114848,1.026041684,0.956099672,0.956099672,0.945714877,38.79172864
2018/5/16,0.988966605,1.018833676,0.952176743,0.952176743,0.934009053,39.50049535
2018/5/17,0.992831932,1.035914383,0.962930204,0.962930204,0.928541035,34.39535999
2018/5/18,0.992507938,1.032936148,0.962025806,0.962025806,0.942175121,38.51202833
2018/5/21,0.991047653,1.040410626,0.960653282,0.960653282,0.943986701,35.92106813
2018/5/22,0.986713108,1.031238575,0.94747805,0.94747805,0.937865923,47.14841514
2018/5/23,0.985915833,1.024482361,0.943376423,0.943376423,0.922633511,46.70514152
2018/5/24,0.985056788,1.03788656,0.949410714,0.949410714,0.916439196,46.34117884
2018/5/25,0.98374216,1.050198713,0.952910081,0.952910081,0.914931769,57.13134801
2018/5/28,0.98358467,1.028901331,0.945008223,0.945008223,0.919025442,71.98994195
2018/5/29,0.976319353,1.019024815,0.931891319,0.931891319,0.915657961,46.43316481
2018/5/30,0.980274279,1.034674506,0.94575476,0.94575476,0.895888899,55.31679348
2018/5/31,0.980560362,1.022756641,0.940977989,0.940977989,0.913900597,54.74061602
2018/6/1,0.983133477,1.041191448,0.960078638,0.960078638,0.910082782,44.40420188
2018/6/4,0.982957509,1.066092108,0.970393103,0.970393103,0.926375209,43.25252783
2018/6/5,0.980403173,1.071786486,0.970696508,0.970696508,0.930651918,61.20339701
2018/6/6,0.982529253,1.073793091,0.970363483,0.970363483,0.925551379,75.06351222
2018/6/7,0.977575241,1.055433976,0.957041199,0.957041199,0.926602249,69.07579144
2018/6/8,0.975830929,1.040225913,0.956122121,0.956122121,0.911765851,67.59556281
2018/6/11,0.976928312,1.050742776,0.977288336,0.977288336,0.914628302,50.0826469
2018/6/12,0.975997516,1.040570824,0.970900078,0.970900078,0.924011567,51.71762459
2018/6/13,0.976192015,1.035974779,0.965845331,0.965845331,0.918485,44.23689948
2018/6/14,0.975152999,1.036957814,0.969244998,0.969244998,0.918371892,41.47873208
2018/6/15,0.97133822,1.031464949,0.950967626,0.950967626,0.917229676,37.53881865
2018/6/19,0.96882754,1.044312297,0.957501012,0.957501012,0.893784751,36.93208588
2018/6/20,0.96377603,1.033309296,0.954148935,0.954148935,0.89328553,46.38378801
2018/6/21,0.962557656,1.037411161,0.959871079,0.959871079,0.886658484,43.23044341
2018/6/22,0.957739467,1.026432957,0.944629564,0.944629564,0.888259285,46.56755639
2018/6/25,0.956318025,1.020226548,0.928593217,0.928593217,0.872015745,52.31807238
2018/6/26,0.957123631,0.998133319,0.905238445,0.905238445,0.861790224,57.41095189
2018/6/27,0.958814313,0.972911429,0.892249784,0.892249784,0.843198616,49.34740778
2018/6/28,0.963141479,1.000277626,0.91366857,0.91366857,0.833757113,37.11665035
2018/6/29,0.954006518,0.976948711,0.88691686,0.88691686,0.852574833,41.87160877
2018/7/2,0.957493345,0.966486543,0.88508907,0.88508907,0.820418206,45.34983137
2018/7/3,0.956088863,0.94729406,0.874997795,0.874997795,0.821311998,36.81656483
2018/7/4,0.957416985,0.942373446,0.879046393,0.879046393,0.814246651,29.69887711
2018/7/5,0.958888685,0.957066248,0.88470067,0.88470067,0.816285409,23.68413401
2018/7/6,0.96417228,0.984684133,0.904494824,0.904494824,0.826001567,24.88644559
2018/7/9,0.964060127,0.985772352,0.907247865,0.907247865,0.849609142,25.23802653
2018/7/10,0.957648362,0.97425651,0.899870456,0.899870456,0.849590195,26.80348176
2018/7/11,0.957648362,0.97425651,0.899870456,0.899870456,0.836198998,26.2391142
2018/7/12,0.963334962,1.0002133,0.914607269,0.914607269,0.850757302,28.29334821
2018/7/13,0.963140893,0.992107915,0.905400254,0.905400254,0.851527225,28.65648276
2018/7/16,0.95706091,0.978044554,0.898815033,0.898815033,0.841866933,29.27692024
2018/7/17,0.954985471,0.984432059,0.895392413,0.895392413,0.835568483,26.94308768
2018/7/18,0.957894754,0.986338438,0.905082989,0.905082989,0.832238716,29.0100446
2018/7/19,0.968423658,1.014225662,0.929845173,0.929845173,0.834096468,25.45398835
2018/7/20,0.96388376,1.003085581,0.935734266,0.935734266,0.857337594,20.82143923
2018/7/23,0.980642215,1.012278333,0.951671307,0.951671307,0.868699144,18.68985306
2018/7/24,0.979032718,1.021221419,0.956922673,0.956922673,0.881340668,28.39121037
2018/7/25,0.968675225,1.008474253,0.945943124,0.945943124,0.881376274,26.08347333
2018/7/26,0.970522318,1.007832156,0.947746163,0.947746163,0.870135705,21.06257593
2018/7/27,0.955897887,1.007176468,0.958914211,0.958914211,0.868107399,23.07596223
2018/7/30,0.96191035,1.004501122,0.95478043,0.95478043,0.873682543,29.27801613
2018/7/31,0.945099327,0.987381093,0.93793173,0.93793173,0.874994524,23.86947542
2018/8/1,0.923344482,0.981248848,0.936022282,0.936022282,0.856127573,21.07535448
2018/8/2,0.90710701,0.962112375,0.919800964,0.919800964,0.838961088,26.59034094
2018/8/3,0.894500683,0.938916533,0.914568138,0.914568138,0.829744184,22.2027395
2018/8/6,0.918051283,0.966635245,0.943009362,0.943009362,0.827349085,23.33287646
2018/8/7,0.905841245,0.955483226,0.936198097,0.936198097,0.85252951,28.23550406
2018/8/8,0.923738942,0.988207666,0.951229984,0.951229984,0.841259374,29.55423928
2018/8/9,0.919981562,0.99815169,0.955030963,0.955030963,0.861068489,26.00749742
2018/8/10,0.911046885,0.990648339,0.94891142,0.94891142,0.860583261,28.3312611
2018/8/13,0.912283037,0.991427387,0.94879556,0.94879556,0.85209255,28.59020189
2018/8/14,0.889357529,0.958387409,0.918745732,0.918745732,0.848892392,28.86851976
2018/8/15,0.878555247,0.958583926,0.91780639,0.91780639,0.828100409,21.75762652
2018/8/16,0.864593398,0.941279494,0.898924038,0.898924038,0.826877161,23.89235873
2018/8/17,0.876434556,0.942719202,0.909446191,0.909446191,0.816222723,19.64155572
2018/8/20,0.899838809,0.967920634,0.927374781,0.927374781,0.828240332,22.35791174
2018/8/21,0.896140892,0.963083983,0.925716618,0.925716618,0.843110868,23.41636531
2018/8/22,0.90081428,0.972351511,0.929964912,0.929964912,0.842344349,23.26751751
2018/8/23,0.897610681,0.980612649,0.9364507,0.9364507,0.846096362,22.65345474
2018/8/24,0.921947447,1.003130313,0.95805603,0.95805603,0.849854564,23.8774851
2018/8/27,0.915644351,1.001185135,0.950789607,0.950789607,0.867161282,24.92726381
2018/8/28,0.918227414,1.00006617,0.950753858,0.950753858,0.863312766,24.49211204
2018/8/29,0.906776691,0.978135414,0.932336625,0.932336625,0.860677563,24.63272749
2018/8/30,0.892744285,0.973977709,0.929567165,0.929567165,0.852333513,21.07005948
2018/8/31,0.895635396,0.97017153,0.925723657,0.925723657,0.850706344,20.74069952
2018/9/3,0.905107195,0.97840352,0.933663978,0.933663978,0.847750829,19.53370594
2018/9/4,0.884789632,0.955120724,0.908449353,0.908449353,0.859631575,20.45787816
2018/9/5,0.873319218,0.946382021,0.900691747,0.900691747,0.839276414,18.60118492
2018/9/6,0.879439088,0.960046161,0.910205928,0.910205928,0.830613841,17.3829258
2018/9/7,0.869574449,0.94545217,0.886267442,0.886267442,0.838054954,18.57091232
2018/9/10,0.869614623,0.942097321,0.872679209,0.872679209,0.829717574,17.44271736
2018/9/11,0.857430211,0.927181046,0.861233762,0.861233762,0.824678264,20.69222931
2018/9/12,0.862563434,0.922522747,0.857391568,0.857391568,0.818703324,19.07933942
2018/9/13,0.866928501,0.916762825,0.853168645,0.853168645,0.830365864,21.71052192
2018/9/14,0.8638844,0.898717107,0.839468185,0.839468185,0.833841365,19.41729206
2018/9/17,0.88449534,0.922135943,0.872498152,0.872498152,0.825060871,20.16448506
2018/9/18,0.899524855,0.935449203,0.882565262,0.882565262,0.845305778,20.59640825
2018/9/19,0.897483106,0.936856318,0.889224353,0.889224353,0.855038336,20.32344839
2018/9/20,0.927128584,0.974287732,0.917853887,0.917853887,0.855157013,20.61096695
2018/9/21,0.921388459,0.966385075,0.911959605,0.911959605,0.884785321,26.25676987
2018/9/25,0.94843744,0.988181431,0.928655601,0.928655601,0.87591135,21.26175872
2018/9/26,0.947016943,0.988230741,0.931460313,0.931460313,0.887935663,20.96838121
2018/9/27,0.954023131,0.996096728,0.934548118,0.934548118,0.885419755,21.05316425
2018/9/28,0.905057023,0.947254342,0.886137857,0.886137857,0.896152646,19.7229236
2018/10/8,0.909269099,0.945735063,0.881931463,0.881931463,0.854950702,19.5258568
2018/10/9,0.894690889,0.945597823,0.886872104,0.886872104,0.856614863,18.16712253
2018/10/10,0.861910393,0.908051839,0.84932696,0.84932696,0.857437559,20.87067431
2018/10/11,0.882731705,0.92807902,0.877043381,0.877043381,0.821836716,17.89621756
2018/10/12,0.875591445,0.920209045,0.865899574,0.865899574,0.840273618,23.1961254
2018/10/15,0.87786646,0.925369383,0.863045648,0.863045648,0.829392106,23.38428909
2018/10/16,0.879233058,0.927759331,0.868533092,0.868533092,0.830427918,24.47666146
2018/10/17,0.856194403,0.895113234,0.836611058,0.836611058,0.835145609,22.26354647
2018/10/18,0.887165122,0.92705967,0.861774283,0.861774283,0.814467662,19.19116656
2018/10/19,0.927270482,0.977231885,0.907565247,0.907565247,0.841026214,22.21254192
2018/10/22,0.883270228,0.950809226,0.8739232,0.8739232,0.873285119,19.80017317
2018/10/23,0.883916128,0.952817225,0.868027239,0.868027239,0.847383658,16.77402625
2018/10/24,0.878229336,0.954817144,0.85326397,0.85326397,0.851741777,19.3952035
2018/10/25,0.866747128,0.947482666,0.85212663,0.85212663,0.854358176,19.99896777
2018/10/26,0.817978329,0.910746634,0.828361046,0.828361046,0.848792485,23.02894839
2018/10/29,0.813156701,0.924362249,0.836217164,0.836217164,0.821518398,25.10750213
2018/10/30,0.833668696,0.945850739,0.86958551,0.86958551,0.830481721,31.85658641
2018/10/31,0.842460611,0.951041057,0.88121996,0.88121996,0.842676795,30.59166136
2018/11/1,0.877301648,0.99489681,0.920675071,0.920675071,0.845785091,25.98925166
2018/11/2,0.861146387,0.984598452,0.911933521,0.911933521,0.874184445,27.80581326
2018/11/5,0.85453136,0.98041502,0.909085091,0.909085091,0.863465581,29.08957576
2018/11/6,0.847640236,0.969863604,0.902029117,0.902029117,0.859370875,29.96264753
2018/11/7,0.848567986,0.975002191,0.906849037,0.906849037,0.853407795,28.06245247
2018/11/8,0.834344915,0.94984367,0.887151067,0.887151067,0.854667279,29.55774238
2018/11/9,0.834459204,0.955017502,0.896557587,0.896557587,0.836863712,23.28452701
2018/11/12,0.846514624,0.960292443,0.899263167,0.899263167,0.840561303,26.41731309
2018/11/13,0.832196609,0.946839306,0.892039586,0.892039586,0.846751389,22.03037712
2018/11/14,0.843370692,0.958571341,0.902136244,0.902136244,0.835410742,23.38926939
2018/11/15,0.842142532,0.952346556,0.881495189,0.881495189,0.845434149,23.20994849
2018/11/16,0.851514048,0.963789481,0.883841431,0.883841431,0.84622604,20.08237618
2018/11/19,0.834552847,0.944635953,0.870496124,0.870496124,0.856759737,21.91403979
2018/11/20,0.834387139,0.946348063,0.872590001,0.872590001,0.841188311,19.93005982
2018/11/21,0.831853036,0.941943189,0.868026406,0.868026406,0.842728914,21.11277507
2018/11/22,0.817981518,0.926495602,0.853143419,0.853143419,0.838041786,18.89764989
2018/11/23,0.816245056,0.930979567,0.857591743,0.857591743,0.824827745,18.74031575
2018/11/26,0.81376115,0.927749672,0.854830927,0.854830927,0.825754334,21.31940775
2018/11/27,0.824575354,0.941192413,0.866963875,0.866963875,0.823140308,20.91047771
2018/11/28,0.818202802,0.937211051,0.863318588,0.863318588,0.832367456,22.70741011
2018/11/29,0.829581058,0.947700311,0.874934234,0.874934234,0.825738725,22.9303437
2018/11/30,0.85970273,0.974881604,0.896344496,0.896344496,0.834743371,24.05554945
2018/12/3,0.86011724,0.975754555,0.891544359,0.891544359,0.855375113,24.2287181
2018/12/4,0.859160289,0.970183981,0.883751814,0.883751814,0.85815495,25.9660937
2018/12/5,0.838576677,0.944680403,0.855750288,0.855750288,0.853221253,24.82529979
2018/12/6,0.831412923,0.929617735,0.837418493,0.837418493,0.836959561,19.20751113
2018/12/7,0.825845844,0.925665144,0.834791168,0.834791168,0.83566398,15.2954682
2018/12/10,0.829884917,0.931654216,0.840355496,0.840355496,0.828060666,16.66904442
2018/12/11,0.831920461,0.930493509,0.838635165,0.838635165,0.830457381,16.66562
2018/12/12,0.843942264,0.942313826,0.857638862,0.857638862,0.833118369,14.55069071
2018/12/13,0.831786778,0.928333169,0.844992259,0.844992259,0.84500905,15.70187348
2018/12/14,0.833034532,0.928825421,0.844016824,0.844016824,0.833140234,13.88972162
2018/12/17,0.826270782,0.919227039,0.832531519,0.832531519,0.834021443,12.63638249
2018/12/18,0.81629222,0.901208448,0.821582103,0.821582103,0.824368783,11.00026384
2018/12/19,0.807912795,0.883711946,0.80641634,0.80641634,0.814632821,8.32308964
2018/12/20,0.796163674,0.866304234,0.785357606,0.785357606,0.802728457,8.638138799
2018/12/21,0.799254185,0.873003884,0.800459234,0.800459234,0.792835279,10.16763472
2018/12/24,0.791372821,0.863566869,0.791051186,0.791051186,0.793896773,9.721583665
2018/12/25,0.785811278,0.853850556,0.783919131,0.783919131,0.789805609,12.93674694
2018/12/26,0.783147946,0.851137981,0.781617386,0.781617386,0.784382385,18.31049763
2018/12/27,0.788583259,0.85790674,0.787112846,0.787112846,0.782491252,25.16194233
2018/12/28,0.778579779,0.842221363,0.777025698,0.777025698,0.788349957,25.53677474
2019/1/2,0.777806917,0.841760872,0.762103461,0.762103461,0.777930398,23.15794111
2019/1/3,0.797562446,0.864352634,0.78425696,0.78425696,0.780148616,21.14111118
2019/1/4,0.795340591,0.861356858,0.785196751,0.785196751,0.795758031,20.42759261
2019/1/7,0.791164892,0.855706477,0.785375176,0.785375176,0.795645508,19.75842897
2019/1/8,0.804967895,0.87039446,0.796989441,0.796989441,0.792500323,18.293692
2019/1/9,0.80368879,0.871964601,0.800823008,0.800823008,0.801971255,14.41165263
2019/1/10,0.811612028,0.882977713,0.805481771,0.805481771,0.801672671,13.29906628
2019/1/11,0.802192615,0.875123728,0.797863758,0.797863758,0.809458882,13.4390414
2019/1/14,0.818999168,0.89089347,0.817740254,0.817740254,0.801426894,13.6444607
2019/1/15,0.818999168,0.89089347,0.817740254,0.817740254,0.817665518,17.52445182
2019/1/16,0.824706057,0.896635169,0.829081453,0.829155287,0.818644707,14.3978026
2019/1/17,0.841842729,0.915189748,0.847149484,0.847911321,0.815251579,16.85089617
2019/1/18,0.853427081,0.925719927,0.852888459,0.853733663,0.831071154,19.27204896
2019/1/21,0.837852484,0.911718919,0.835610578,0.835660737,0.836270671,15.51575001
2019/1/22,0.83913677,0.91644268,0.84252513,0.84293512,0.825525782,15.93608221
2019/1/23,0.848790322,0.929667731,0.850339022,0.851045014,0.824087458,16.06935418
2019/1/24,0.860951029,0.944295094,0.859082819,0.860358662,0.829076849,14.36909466
2019/1/25,0.854318317,0.936381406,0.844693614,0.845046435,0.839417404,14.79720205
2019/1/28,0.861880257,0.945522952,0.859520944,0.86126554,0.83783118,19.03378737
2019/1/29,0.854164521,0.938876955,0.855273617,0.856550123,0.844318784,16.96646977
2019/1/30,0.874602386,0.960984907,0.871948984,0.875248179,0.838858603,15.22791335
2019/1/31,0.882357844,0.97149203,0.884974973,0.889566418,0.853798551,14.53186915
2019/2/1,0.894698888,0.978823062,0.895438051,0.901940327,0.859358809,13.83467201
2019/2/11,0.895784466,0.983412434,0.906542848,0.914378622,0.868926346,18.17579495
2019/2/12,0.918606266,1.005005589,0.928501934,0.939124283,0.870888748,18.62467062
2019/2/13,0.915740863,1.003135189,0.928250922,0.938938547,0.887194789,18.05606304
2019/2/14,0.893426949,0.977741675,0.906246015,0.914578816,0.885714626,18.71684422
2019/2/15,0.921537476,1.011079636,0.937386498,0.95054265,0.865484502,20.45381048
2019/2/18,0.927947059,1.012521575,0.935798239,0.949081337,0.887964747,20.48385876
2019/2/19,0.938578138,1.021910547,0.938161851,0.951576106,0.886656652,19.26760269
2019/2/20,0.931634992,1.016632641,0.936949706,0.948704818,0.889791936,16.72002721
2019/2/21,0.96110254,1.047126009,0.952282893,0.968697393,0.886030675,15.9826006
2019/2/22,1.021559243,1.109147663,0.988189182,1.014242896,0.901792905,21.69478927
2019/2/25,1.005026717,1.089869867,0.979904259,1.004932396,0.958389772,25.24878896
2019/2/26,1.014239955,1.097016782,0.979879467,1.006769193,0.939894357,23.6631188
2019/2/27,1.005539598,1.097194261,0.988921839,1.016856573,0.945545824,23.54863729
2019/2/28,1.052287931,1.139387382,1.013198572,1.051490503,0.943356725,25.06067589
2019/3/1,1.051450861,1.144919479,1.025659352,1.066054054,0.969311853,34.21629905
2019/3/4,1.04387001,1.136728224,1.021093889,1.060531749,0.973822307,31.22468682
2019/3/5,1.050984565,1.139861812,1.022590248,1.064119155,0.972543639,31.58362514
2019/3/6,1.03783577,1.115472071,1.003287657,1.039213231,0.976463973,32.62577011
2019/3/7,1.000811749,1.083641147,0.983323019,1.009587124,0.959077839,34.84535056
2019/3/8,1.013122833,1.091742964,0.98823243,1.017601272,0.923286259,34.91018859
2019/3/11,1.010098617,1.094203288,0.996271656,1.026080729,0.931195617,34.75513543
2019/3/12,1.005802016,1.094248369,0.989738997,1.021586115,0.935037326,30.00444971
2019/3/13,1.006026647,1.100337536,0.99421808,1.027464057,0.936477507,36.70055423
2019/3/14,1.016714396,1.117246764,1.011330535,1.050723544,0.93825512,38.27550164
2019/3/15,1.045266411,1.151165107,1.026828943,1.073725354,0.947425062,41.07426158
2019/3/18,1.036130798,1.137063406,1.019975004,1.062842458,0.971276832,44.84814659
2019/3/19,1.036528542,1.142921568,1.026949058,1.072969388,0.964989796,36.60327063
2019/3/20,1.034585496,1.140007176,1.032194287,1.081380017,0.967059942,40.26790686
2019/3/21,1.030480388,1.139182996,1.026447486,1.072930317,0.963638107,42.25772259
2019/3/22,0.994568457,1.098817572,1.001576706,1.034096775,0.961034291,40.83532792
2019/3/25,0.986226401,1.094000188,1.000063159,1.0310647,0.934490007,34.37855487
2019/3/26,0.996312869,1.114095859,1.015634849,1.058825122,0.930355215,32.59985354
2019/3/27,0.995063862,1.118071844,1.019130682,1.067522016,0.942538187,40.81541137
2019/3/28,1.044079145,1.169747059,1.041644403,1.104798573,0.939919727,45.47188455
2019/3/29,1.057994962,1.182485405,1.05614943,1.125645526,0.975856729,56.28285279
2019/4/1,1.056965851,1.180107584,1.052327332,1.120245467,0.994460576,55.35364424
2019/4/2,1.071696877,1.194333058,1.065640834,1.136677934,0.993054946,58.63649532
2019/4/3,1.091262238,1.218613055,1.083169444,1.156867472,1.003874404,70.29001947
2019/4/4,1.103939259,1.236482777,1.095039468,1.181173355,1.01487009,66.92117198
2019/4/8,1.094497278,1.226438928,1.088062406,1.168458461,1.018407749,80.60365892
2019/4/9,1.101924476,1.243916048,1.099741609,1.18742538,1.020208774,64.85442165
2019/4/10,1.084194234,1.217438766,1.076553914,1.147589199,1.024191575,68.05544463
2019/4/11,1.078716338,1.209627321,1.071629966,1.143095285,1.006771027,58.09617666
2019/4/12,1.07749612,1.204467644,1.069406169,1.139464448,1.004051044,54.35335284
2019/4/15,1.1058073,1.239521756,1.086949858,1.170400491,1.005567375,51.51965035
2019/4/16,1.108658282,1.242543806,1.090363522,1.164327113,1.039293277,55.94162633
2019/4/17,1.104598735,1.235887738,1.086492995,1.160823763,1.037364911,49.1400012
2019/4/18,1.123560737,1.249683416,1.091704107,1.172122708,1.033070359,49.03392024
2019/4/19,1.090345761,1.212090977,1.061714811,1.123647688,1.045965189,51.30699845
2019/4/22,1.099483599,1.22764782,1.063900733,1.130758137,1.021231351,48.49236289
2019/4/23,1.095741193,1.228712054,1.063525684,1.129262684,1.024104458,54.58630809
2019/4/24,1.0795794,1.209004568,1.050537768,1.112764373,1.022730045,54.25858932
2019/4/25,1.078334671,1.199121663,1.045299427,1.106228256,1.006622577,49.67780978
2019/4/26,1.098348591,1.224498407,1.058996868,1.139120364,0.994542329,51.80635659
2019/4/29,1.092793865,1.218632544,1.059796546,1.134967756,1.010545249,54.18356606
2019/4/30,1.023129147,1.14916539,1.03082657,1.079041387,1.012552584,47.16821429
2019/5/6,1.022363412,1.150693703,1.041227692,1.09760229,0.964349995,36.09160768
2019/5/7,1.005532665,1.133997438,1.031114882,1.075471991,0.964770213,33.67540202
2019/5/8,0.979772217,1.10834314,1.02161962,1.05146312,0.948263293,31.51358927
2019/5/9,1.014699751,1.158240655,1.039629277,1.087999552,0.927820329,26.93353971
2019/5/10,0.983304456,1.132844798,1.026077654,1.065969006,0.96047322,32.25492291
2019/5/13,0.981359393,1.124685596,1.021872962,1.057776386,0.942373544,31.42582409
2019/5/14,1.002222707,1.155432282,1.034720859,1.091052324,0.936742877,30.51843891
2019/5/15,1.003028871,1.156986126,1.038885078,1.093397645,0.95696138,36.34913342
2019/5/16,0.983263131,1.130124129,1.024138512,1.064844939,0.959667267,36.03083722
2019/5/17,0.977925526,1.116950635,1.016480863,1.04624632,0.940345375,31.0655559
2019/5/20,0.986173332,1.12864431,1.023478329,1.062349366,0.933544851,29.62338059
2019/5/21,0.977117657,1.121601149,1.019086804,1.057683963,0.941917469,31.28251282
2019/5/22,0.959827867,1.099180497,1.007368068,1.040424032,0.937086876,30.43502125
2019/5/23,0.966305569,1.11204229,1.011038577,1.049061428,0.923403695,30.43015889
2019/5/24,0.976556828,1.121362944,1.015852653,1.059297302,0.928935866,32.20530726
2019/5/27,0.9871909,1.13731139,1.028481999,1.07645738,0.93591805,30.41660711
2019/5/28,1.001162906,1.148611139,1.027981752,1.083622372,0.945016242,28.07148379
2019/5/29,0.992380438,1.139817348,1.021353147,1.072292899,0.947426021,32.30747061
2019/5/30,0.984066361,1.126118381,1.019367579,1.067851244,0.943010144,30.59045444
2019/5/31,0.991886411,1.131321058,1.021972174,1.072272188,0.938190999,29.23614899
2019/6/3,0.987902267,1.121566966,1.019365656,1.058034535,0.943044833,27.24807762
2019/6/4,0.988517459,1.121292407,1.01764559,1.044863034,0.935567175,23.7171526
2019/6/5,0.985797915,1.113197627,1.018845324,1.041065963,0.934976195,24.94524739
2019/6/6,0.991764926,1.123522364,1.021036744,1.05208737,0.930564376,24.533153
2019/6/10,1.010091305,1.160077967,1.035617822,1.089399196,0.943151443,26.51563094
2019/6/11,1.005111049,1.155832894,1.037543282,1.089894907,0.967053303,32.24290088
2019/6/12,1.004850674,1.157462483,1.035417064,1.091958466,0.961495314,30.67062938
2019/6/13,0.998480485,1.153997823,1.032134338,1.089098043,0.960740414,29.51953094
2019/6/14,1.003661885,1.155964166,1.033712589,1.092668427,0.957670142,30.57301656
2019/6/17,1.005170771,1.161328462,1.031316938,1.095846277,0.960454242,30.1643982
2019/6/18,1.01611202,1.176796333,1.036069412,1.108008696,0.964837699,29.83530243
2019/6/19,1.053172677,1.224290376,1.048593339,1.140141668,0.977311108,31.82928098
2019/6/20,1.052871391,1.223361693,1.04911124,1.138400159,1.011653533,41.96746853
2019/6/21,1.058057337,1.232666109,1.052540333,1.146773501,1.010327938,38.20803081
2019/6/24,1.043415612,1.218790919,1.048571825,1.13651765,1.014021885,38.54404699
2019/6/25,1.042106583,1.212248402,1.052310023,1.140441174,1.0004777,33.05025341
2019/6/26,1.052961074,1.228779547,1.054749659,1.153975165,0.998196843,30.4486241
2019/6/27,1.049171178,1.228954307,1.055347431,1.152391334,1.009762536,34.46936828
2019/6/28,1.079192612,1.270800814,1.06432919,1.187697308,1.007517537,34.9488645
2019/7/1,1.07668407,1.264813743,1.072224013,1.196036927,1.032387931,40.37304032
2019/7/2,1.064321052,1.236798329,1.070232784,1.178758247,1.031059654,35.6315362
2019/7/3,1.059665122,1.231115604,1.072032865,1.172246288,1.019252102,30.17926945
2019/7/4,1.07227645,1.246232021,1.074911518,1.188733285,1.015312585,31.71540666
2019/7/5,1.045473686,1.223152497,1.062156475,1.160677967,1.018286492,34.36380831
2019/7/8,1.045194292,1.216911968,1.06252355,1.159116183,0.996142786,30.3854504
2019/7/9,1.03918535,1.215231388,1.053840277,1.151572576,0.990655721,30.37712185
2019/7/10,1.051403567,1.221073659,1.054269174,1.15854221,0.989703244,29.81179695
2019/7/11,1.069207279,1.228295531,1.052364774,1.169684802,0.9928146,29.54622398
2019/7/12,1.071668899,1.227374815,1.056881302,1.175580754,0.997730213,31.76970403
2019/7/15,1.061578978,1.219836926,1.052291349,1.161885623,0.997895371,29.40401953
2019/7/16,1.059796059,1.219590035,1.053914361,1.162409769,0.991690296,27.71028546
2019/7/17,1.052075628,1.208551507,1.048066198,1.153166961,0.988413576,26.16451357
2019/7/18,1.060379553,1.219710064,1.049371518,1.157701142,0.982959205,25.82404481
2019/7/19,1.057632947,1.217980804,1.046089161,1.159011845,0.99549398,29.76280944
2019/7/22,1.055936224,1.217905168,1.050583764,1.153994882,0.99077677,29.40292614
2019/7/23,1.070970941,1.222229463,1.061080824,1.165815051,0.990499811,26.1937541
2019/7/24,1.070970941,1.222229463,1.061080824,1.165815051,0.999250016,26.60256704
2019/7/25,1.069257877,1.242942477,1.060191274,1.178751094,1.007716112,31.27965395
2019/7/26,1.065748881,1.246968585,1.062665937,1.177034913,1.010527956,30.09999626
2019/7/29,1.074557354,1.251265443,1.065334203,1.181407939,1.00748003,26.18204195
2019/7/30,1.06489963,1.244018704,1.061325141,1.165963489,1.01213357,25.30407442
2019/7/31,1.056333813,1.231564772,1.057750042,1.157439827,1.001350933,24.18098621
2019/8/1,1.039702546,1.217630044,1.050989485,1.14249534,0.992826702,23.24455218
2019/8/2,1.020413162,1.19695675,1.041622475,1.119470059,0.977666795,22.0451375
2019/8/5,1.018172673,1.198809973,1.044911644,1.126006053,0.95805316,21.39504519
2019/8/6,1.007511437,1.193441657,1.042685986,1.12306338,0.949100908,21.14843781
2019/8/7,1.023340756,1.220736561,1.052254513,1.142541353,0.944483501,20.7559368
2019/8/8,1.021448551,1.211234625,1.051653314,1.138571086,0.958105383,22.39239386
2019/8/9,1.040110387,1.256278661,1.059408006,1.16153166,0.953043968,20.87101686
2019/8/12,1.023918845,1.245766386,1.053585604,1.146914972,0.971146325,25.31105091
2019/8/13,1.034296195,1.265589407,1.068014219,1.163879149,0.960182646,26.27270804
2019/8/14,1.039337637,1.270104332,1.071781014,1.170574023,0.964116182,29.02177491
2019/8/15,1.043481304,1.276791499,1.075903523,1.17563519,0.967565383,28.21914947
2019/8/16,1.064477968,1.289093633,1.080694009,1.196380108,0.97094751,29.59688834
2019/8/19,1.06124984,1.300424868,1.087265862,1.199232488,0.989170366,32.04577363
2019/8/20,1.060884003,1.293482714,1.083175428,1.197836474,0.988627793,33.42901683
2019/8/21,1.067240268,1.318615268,1.103067056,1.204355207,0.986416039,32.31980059
2019/8/22,1.083550024,1.349252828,1.12796622,1.242030156,0.98943629,39.754624
2019/8/23,1.06369858,1.31917944,1.106845792,1.21808593,1.002972293,42.99942072
2019/8/26,1.083921621,1.331638144,1.118883458,1.231996401,0.984442568,41.01784414
2019/8/27,1.075060451,1.322338669,1.118628475,1.228393332,0.992610802,40.18089577
2019/8/28,1.070272188,1.32663246,1.118725348,1.225395386,0.985662207,40.72572758
2019/8/29,1.08074775,1.351874981,1.138538642,1.249932734,0.981682293,45.87990748
2019/8/30,1.084104665,1.354533565,1.135615396,1.258518731,0.987509781,52.84308423
2019/9/2,1.080650993,1.351524878,1.131094571,1.257936146,0.995264535,47.38959101
2019/9/3,1.086100981,1.347135205,1.125611095,1.260818187,0.994310374,45.69061979
2019/9/4,1.103734767,1.377185786,1.140875686,1.27607501,1.003763325,38.02463007
2019/9/5,1.110666587,1.384530138,1.148568472,1.289271626,1.016195445,37.90279838
2019/9/6,1.109880095,1.381324006,1.145200226,1.281723625,1.024870326,36.87228419
2019/9/9,1.09842503,1.36577634,1.13732795,1.276124247,1.025046829,35.99550745
2019/9/10,1.089423063,1.327914072,1.115606607,1.247090542,1.020996472,38.31113517
2019/9/11,1.107875165,1.355582559,1.126854337,1.261043507,1.016643751,30.78584011
2019/9/12,1.099645541,1.351036317,1.127337128,1.260534341,1.031226671,34.79327553
2019/9/16,1.082407293,1.337815977,1.119861955,1.24674822,1.025343144,36.35894233
2019/9/17,1.087534954,1.376719323,1.156393021,1.269300364,1.009721077,34.4227303
2019/9/18,1.089468597,1.374681246,1.154618253,1.26958998,1.015685876,40.63303497
2019/9/19,1.092573119,1.385557879,1.164566266,1.281210522,1.016535629,41.48873062
2019/9/20,1.082336905,1.371912055,1.15475008,1.267854197,1.01880655,44.76803598
2019/9/23,1.091580127,1.398183454,1.180016024,1.280410386,1.007625835,46.14960924
2019/9/24,1.079104496,1.387032575,1.169586486,1.275775596,1.010777518,54.73299857
2019/9/25,1.074721912,1.380982649,1.163064539,1.272549016,1.0069114,50.17992272
2019/9/26,1.075929971,1.387032835,1.166840048,1.269382111,1.006581875,38.67009209
2019/9/27,1.057993041,1.363142414,1.149579814,1.257096756,1.007217204,40.6451555
2019/9/30,1.061555657,1.377398678,1.159908285,1.270522067,0.996208317,36.16315049
2019/10/8,1.056808322,1.359251245,1.141131203,1.251439007,1.004681185,36.03945562
2019/10/9,1.06694784,1.372254814,1.158704877,1.271978491,1.004898359,30.88719607
2019/10/10,1.082552142,1.395332839,1.169445007,1.29420844,1.011024913,36.5870135
2019/10/11,1.096082996,1.404770179,1.176301383,1.300283471,1.025574072,32.81074208
2019/10/14,1.098854673,1.427491276,1.191785458,1.310973427,1.036030038,31.02751344
2019/10/15,1.092749986,1.396681324,1.179361179,1.300972637,1.036678706,39.41550181
2019/10/16,1.093170788,1.402611844,1.180253717,1.303720187,1.033001193,34.87904245
2019/10/17,1.082897892,1.387082853,1.172358182,1.290391725,1.035418122,34.57864595
2019/10/18,1.095609456,1.378138807,1.165435279,1.282237118,1.018717304,33.53013163
2019/10/21,1.096154274,1.382100514,1.169390879,1.285466386,1.020687166,32.20657375
2019/10/22,1.09300306,1.370318784,1.16498476,1.279191984,1.022169669,34.18348536
2019/10/23,1.087948692,1.362965356,1.163069717,1.276289679,1.015667831,32.22373462
2019/10/24,1.094382597,1.383458978,1.182743489,1.302227092,1.017292767,28.36137339
2019/10/25,1.109970745,1.39587315,1.198323025,1.320935901,1.020049982,39.194946
2019/10/28,1.103440347,1.402749574,1.197334745,1.319232265,1.024969583,47.98731247
2019/10/29,1.113852202,1.392371886,1.194179822,1.31741886,1.020473328,47.76173846
2019/10/30,1.124915052,1.38900345,1.197745644,1.322553712,1.014915923,50.59481288
2019/10/31,1.129196925,1.401662711,1.205243924,1.342708395,1.01581525,51.57888909
2019/11/1,1.150221941,1.414817384,1.204184412,1.355740355,1.032287997,45.67189367
2019/11/4,1.163045018,1.41555369,1.200751713,1.351821887,1.039035301,43.69317603
2019/11/5,1.160727932,1.408850987,1.200156539,1.345855252,1.045121219,41.51520858
2019/11/6,1.156202377,1.418739271,1.199609515,1.347770464,1.042650864,40.33165073
2019/11/7,1.149799678,1.416485446,1.200175451,1.348484839,1.042825339,35.14649863
2019/11/8,1.145665341,1.40327931,1.188952525,1.328161807,1.035660808,38.38542735
2019/11/11,1.148227882,1.405999824,1.19147456,1.332701348,1.019587857,38.41937428
2019/11/12,1.145098485,1.424059592,1.196932608,1.34441405,1.021531351,39.27734947
2019/11/13,1.14178704,1.431068675,1.207800838,1.359435336,1.020262619,41.76820554
2019/11/14,1.143114364,1.424794162,1.202354511,1.349623129,1.020571482,47.03483354
2019/11/15,1.155308806,1.427914562,1.201833091,1.357751389,1.015804009,43.17278379
2019/11/18,1.153960279,1.437865308,1.213194736,1.379180849,1.024826635,41.99277866
2019/11/19,1.14578414,1.435660141,1.210134363,1.374763395,1.031633519,43.46794946
2019/11/20,1.132811355,1.430218837,1.199082496,1.366088247,1.020418562,44.14508888
2019/11/21,1.113199233,1.395850787,1.183212083,1.344203608,1.013959768,37.39417434
2019/11/22,1.119208886,1.392369271,1.181015081,1.353757349,1.004653306,30.63973802
2019/11/25,1.126315278,1.39734227,1.186247371,1.352465713,1.014616584,30.8338813
2019/11/26,1.128384674,1.400572881,1.189857951,1.35540045,1.013007463,31.9407305
2019/11/27,1.118375984,1.386811331,1.188524514,1.350541443,1.012235614,29.71472775
2019/11/28,1.094874155,1.344399878,1.171375957,1.308669634,1.007477458,29.36713143
2019/11/29,1.094560484,1.347679704,1.161075137,1.308220225,0.995181308,24.20259083
2019/12/2,1.093283304,1.337036626,1.162231774,1.302070759,0.996805246,24.94184689
2019/12/3,1.084639613,1.33697579,1.166815753,1.303786789,1.000306498,23.99481037
2019/12/4,1.099426323,1.347122163,1.169287374,1.313963093,0.9973647,23.77410374
2019/12/5,1.111562345,1.382526418,1.176695483,1.337219325,1.004543465,25.81767262
2019/12/6,1.109575586,1.370087877,1.157619494,1.327013218,1.01068738,25.97826906
2019/12/9,1.114930097,1.380390027,1.16451556,1.336094003,1.00835774,28.28246261
2019/12/10,1.119780955,1.378529058,1.166324312,1.344272289,1.009716064,29.18503665
2019/12/11,1.112043469,1.359546364,1.1623861,1.327258878,1.014066277,31.59535638
2019/12/12,1.148300429,1.387657249,1.175649748,1.352569484,1.010074468,27.16156314
2019/12/13,1.139483693,1.376072055,1.166763364,1.341246434,1.033547619,29.02666554
2019/12/16,1.152167948,1.396957411,1.171352313,1.351059818,1.031102842,28.24524694
2019/12/17,1.146832499,1.393983938,1.164356383,1.34236656,1.042771433,24.18149731
2019/12/18,1.141907941,1.384533225,1.165081326,1.339457284,1.040241946,21.61458789
2019/12/19,1.133761782,1.375889688,1.165752873,1.335641971,1.037466887,22.23387436
2019/12/20,1.124800749,1.376251504,1.167553795,1.347601219,1.03571798,22.43329955
2019/12/23,1.123425975,1.374949481,1.163371761,1.347376219,1.025960085,28.48541812
2019/12/24,1.119190518,1.363352572,1.157188889,1.341891841,1.030265192,28.34435298
2019/12/25,1.128474107,1.368697186,1.164920027,1.359441414,1.026565503,32.91485246
2019/12/26,1.133966989,1.392095977,1.165188831,1.368981457,1.035377763,41.46623052
2019/12/27,1.159630339,1.417437021,1.172511988,1.388229892,1.037489542,36.08823448
2019/12/30,1.157657141,1.417937058,1.18666584,1.410583631,1.052950336,38.26766675
2019/12/31,1.149267726,1.37997772,1.189722494,1.399779999,1.053111574,49.06455473
2020/1/2,1.138500885,1.334105878,1.177383482,1.363113614,1.062605094,59.09069131
2020/1/3,1.132412213,1.325069269,1.162536188,1.340797216,1.058289193,58.23975702
2020/1/6,1.141938111,1.340896797,1.168289712,1.352951292,1.050917113,43.4365176
2020/1/7,1.124742573,1.333420162,1.165956056,1.345101953,1.056823226,42.19372888
2020/1/8,1.1404446,1.356018268,1.18198605,1.368634484,1.044390763,36.40038497
2020/1/9,1.147911348,1.365695155,1.186644102,1.377886626,1.054599027,43.39192571
2020/1/10,1.157058761,1.377369577,1.187923026,1.379750129,1.054714335,44.31953526
2020/1/13,1.143450911,1.359278807,1.178182614,1.36738474,1.062362823,39.26678115
2020/1/14,1.140741008,1.359824566,1.18017656,1.365279862,1.05908758,39.64351661
2020/1/15,1.128975225,1.354928595,1.174832853,1.356262034,1.051320002,36.19743946
2020/1/16,1.121192062,1.360798017,1.204571089,1.376119601,1.046192441,34.10881344
2020/1/17,1.126840972,1.34451619,1.201120358,1.368119067,1.0496578,39.26733114
2020/1/20,1.103738194,1.320575335,1.19832891,1.337621356,1.054064428,43.69109719
2020/1/21,1.105389234,1.32181546,1.197804425,1.337335532,1.035541475,36.19494824
2020/1/22,1.073619995,1.29022521,1.177542785,1.299633892,1.037523852,37.36881171
2020/1/23,0.994478344,1.22117459,1.14811403,1.232965047,1.008169029,29.50731268
2020/2/3,1.021108443,1.254522357,1.167621326,1.271591048,0.937554026,27.55714606
2020/2/4,1.021108443,1.254522357,1.167621326,1.271591048,0.960783222,28.02797218
2020/2/5,1.040013833,1.293183622,1.196912768,1.305511543,0.96705355,30.62989181
2020/2/6,1.03823123,1.298376816,1.193544107,1.309208243,0.981488879,30.28138751
2020/2/7,1.039270202,1.29353018,1.187663572,1.324311824,0.980396548,28.03963495
2020/2/10,1.054584445,1.322492548,1.20006792,1.345846545,0.979830562,36.66640446
2020/2/11,1.063576392,1.328070778,1.2200941,1.360486657,0.990073274,33.97315176
2020/2/12,1.053072157,1.320788676,1.209525459,1.356785178,0.995480579,39.28778635
2020/2/13,1.053423568,1.319755027,1.210828874,1.357987476,0.988568116,40.90831974
2020/2/14,1.079511083,1.339431594,1.218822464,1.374373627,0.995301291,40.58922978
2020/2/17,1.071968255,1.326470634,1.205618325,1.349649811,1.014211767,44.07296618
2020/2/18,1.07686403,1.334785385,1.199947389,1.355269404,1.005385995,37.04608091
2020/2/19,1.102939641,1.355563965,1.208895115,1.371726608,1.005167756,35.78740544
2020/2/20,1.104578668,1.356535948,1.205191042,1.369822695,1.023876804,33.9606185
2020/2/21,1.087235828,1.342026155,1.192177768,1.356678826,1.020423477,35.91886334
2020/2/24,1.075670828,1.332067485,1.190682885,1.343320154,1.0073233,43.4231587
2020/2/25,1.073820761,1.332203866,1.180707104,1.34615123,1.000203634,41.15069719
2020/2/26,1.076972088,1.344645628,1.184292384,1.371568188,0.997573415,44.51941166
2020/2/27,1.036804224,1.31174907,1.15996108,1.334407977,1.001136136,56.10725092
2020/2/28,1.066502779,1.352524486,1.1706408,1.397609484,0.969852913,53.89572413
2020/3/2,1.074503908,1.365912658,1.190078748,1.409463811,0.999709363,93.00409683
2020/3/3,1.085217337,1.377692293,1.188020483,1.416722354,1.004370226,75.27149925
2020/3/4,1.114123274,1.397940855,1.214595017,1.447561522,1.013351151,74.63870754
2020/3/5,1.095115878,1.376713797,1.213492175,1.425311944,1.037589722,55.13840134
2020/3/6,1.056338736,1.346229256,1.188455835,1.379319028,1.019287827,45.33122849
2020/3/9,1.082951393,1.37395133,1.202454116,1.422707859,0.986281998,38.37915313
2020/3/10,1.074301414,1.362705629,1.191054154,1.404487403,1.005323562,48.40601357
2020/3/11,1.056756492,1.348057598,1.174717336,1.377603541,0.99299678,41.45893988
2020/3/12,1.033148852,1.329019635,1.161826288,1.349012654,0.977052099,41.61033216
2020/3/13,1.000813575,1.287262376,1.137577271,1.294639478,0.96219583,41.47544187
2020/3/16,0.985794652,1.276405937,1.132728653,1.276917592,0.92618474,37.16628917
2020/3/17,0.960337581,1.251854768,1.124897644,1.258310745,0.923285813,36.43400295
2020/3/18,0.939421997,1.230109208,1.108594025,1.232276971,0.902712001,41.51466094
2020/3/19,0.96433254,1.262290057,1.120247893,1.276206791,0.883474097,47.80431751
2020/3/20,0.939478613,1.236233678,1.122834855,1.262328606,0.903629616,45.44623766
2020/3/23,0.973154863,1.274468765,1.148791909,1.319765063,0.879977762,44.69237297
2020/3/24,1.00301954,1.29955772,1.173660625,1.352144889,0.907400092,47.93649714
2020/3/25,0.993795408,1.288530169,1.178980324,1.340745456,0.928303739,43.20990821
2020/3/26,0.997949487,1.299929157,1.183776785,1.36051369,0.92455427,39.30171121
2020/3/27,0.994206643,1.304112378,1.184599808,1.36059532,0.928736299,45.67550953
2020/3/30,1.00457181,1.294043034,1.186804138,1.370095743,0.924816136,48.97777399
2020/3/31,0.997328483,1.286531447,1.174244744,1.353935903,0.924588202,44.77516758
2020/4/1,1.017826315,1.294945381,1.183028483,1.373016572,0.922078689,44.50537173
2020/4/2,1.009417755,1.29090952,1.189656638,1.376065338,0.935076416,42.07053704
2020/4/3,1.02544382,1.322584547,1.200067289,1.415714463,0.931273453,47.08449841
2020/4/7,1.018095647,1.317232675,1.194872419,1.410691938,0.947975509,54.14849006
2020/4/8,1.017946167,1.319518012,1.204465341,1.420509217,0.943327469,53.37006497
2020/4/9,1.018198705,1.318091798,1.198256061,1.417990285,0.94631898,53.7525395
2020/4/10,1.017830686,1.324935602,1.197727401,1.427947115,0.945376507,55.05945053
2020/4/13,1.030816277,1.340712586,1.210897563,1.448893032,0.941704804,59.61864983
2020/4/14,1.026992203,1.325704362,1.20339927,1.431537807,0.957709511,54.7927339
2020/4/15,1.030854325,1.32934868,1.2041863,1.432177296,0.950410213,50.72092948
2020/4/16,1.060172687,1.353191186,1.204928337,1.450379938,0.951707445,53.07718763
2020/4/17,1.061821784,1.359788258,1.20438399,1.460905245,0.965739025,46.24654917
2020/4/20,1.044357604,1.342734189,1.196415454,1.439666441,0.969423827,45.48794649
2020/4/21,1.062506202,1.363172062,1.204314807,1.470341231,0.957301362,44.05084708
2020/4/22,1.066173323,1.353736119,1.197645859,1.455848749,0.96407562,48.1779304
2020/4/23,1.059652495,1.350088951,1.192728948,1.452861822,0.961814807,43.3639502
2020/4/24,1.072144107,1.361611595,1.200613349,1.466311519,0.954376273,45.25365149
2020/4/27,1.077139493,1.368141674,1.200686586,1.468522198,0.964413534,39.70672007
2020/4/28,1.082632809,1.376424973,1.200015262,1.469559259,0.97126157,37.95366579
2020/4/29,1.081343977,1.381675921,1.20489162,1.466439037,0.978025686,36.97885622
2020/4/30,1.088061389,1.39253676,1.216308822,1.492284457,0.983902268,35.21021857
2020/5/6,1.087191039,1.399263753,1.21517518,1.508485061,0.984568366,34.78360908
2020/5/7,1.096838193,1.409462859,1.224509378,1.513139086,0.981329085,39.75241015
2020/5/8,1.102249714,1.418241537,1.212861764,1.513901492,0.987720015,35.84092135
2020/5/11,1.099351975,1.410887,1.213479502,1.518629423,0.987319531,44.43273516
2020/5/12,1.099388033,1.405742909,1.212087673,1.517614505,0.986545895,42.07695922
2020/5/13,1.08657293,1.379729271,1.207687357,1.499476057,0.985897846,40.88348944
2020/5/14,1.076252272,1.36571182,1.198718811,1.48194761,0.974490984,36.99323416
2020/5/15,1.088159226,1.379698889,1.203159634,1.508366453,0.96938852,37.05331933
2020/5/18,1.093186901,1.385064045,1.209909468,1.511911214,0.975398356,40.83329485
2020/5/19,1.095151305,1.377008225,1.211812527,1.507379053,0.983476138,35.93419707
2020/5/20,1.098034424,1.372094317,1.21454368,1.519098839,0.981919308,33.16809543
2020/5/21,1.071402895,1.341596073,1.194698153,1.476281003,0.978716572,33.49796828
2020/5/22,1.073418482,1.341148377,1.195898281,1.495088253,0.954302391,34.89878051
2020/5/25,1.075183706,1.348371874,1.200419855,1.501417383,0.959081072,45.85970758
2020/5/26,1.066700701,1.332931385,1.191379307,1.480625523,0.965658646,39.93448494
2020/5/27,1.076026553,1.340479645,1.194416545,1.482894566,0.961065167,38.99681947
2020/5/28,1.077959724,1.329539673,1.189445684,1.484116181,0.965941554,38.06651547
2020/5/29,1.113042413,1.356569513,1.20599403,1.527649056,0.964910004,42.61320763
2020/6/1,1.118163188,1.354726768,1.207882207,1.518942054,0.986806662,44.74492134
2020/6/2,1.124553878,1.36614985,1.213145439,1.514557412,0.992157792,39.82314033
2020/6/3,1.124596049,1.351373941,1.208780009,1.511345119,0.993253733,33.38461536
2020/6/4,1.132802132,1.350179944,1.212833167,1.518922178,0.991278543,33.82725963
2020/6/5,1.136655856,1.357450094,1.212685722,1.502209046,0.995743101,35.72253035
2020/6/8,1.144157499,1.36681396,1.216838969,1.521984671,1.00029395,30.21913803
2020/6/9,1.141566879,1.372560772,1.215004273,1.540922821,1.00672892,30.44677914
2020/6/10,1.123614917,1.36061829,1.206640369,1.522175562,0.99991186,30.8093245
2020/6/11,1.126720328,1.349324793,1.207836563,1.527977651,0.988923462,31.99787218
2020/6/12,1.10223078,1.333196727,1.195252372,1.50229626,0.991537213,35.23034226
2020/6/15,1.116044213,1.344015013,1.20540307,1.527164413,0.975891802,33.54483541
2020/6/16,1.11334341,1.339508172,1.209094151,1.538285038,0.989775861,35.17928777
2020/6/17,1.117049462,1.345538994,1.206819938,1.543925074,0.990511473,38.40377822
2020/6/18,1.134397893,1.360000186,1.216557418,1.56931701,0.993201787,38.17584462
2020/6/19,1.134500556,1.352491093,1.215172555,1.564384551,1.005914579,46.57892836
2020/6/22,1.144267858,1.342035773,1.214499338,1.57819402,1.004524248,49.82992448
2020/6/23,1.15391909,1.357951436,1.221227842,1.580748919,1.005735944,58.66511532
2020/6/24,1.138087593,1.327786658,1.211664153,1.566549255,1.011943908,47.98928904
2020/6/29,1.141134535,1.333706452,1.213998438,1.56782476,1.005759116,52.67857892
2020/6/30,1.169372771,1.378808841,1.228336377,1.600387836,1.011462873,51.24435173
2020/7/1,1.218660575,1.432113099,1.246715516,1.635834477,1.034767532,40.05378286
2020/7/2,1.261572728,1.482479329,1.276696634,1.642857839,1.060337784,45.00526873
2020/7/3,1.338960418,1.566449487,1.336606107,1.695115943,1.086094783,36.03816213
2020/7/6,1.380646264,1.556088668,1.334021623,1.735648887,1.160002563,32.96856793
2020/7/7,1.421815262,1.599353992,1.336094397,1.731270303,1.162623843,47.16575854
2020/7/8,1.455430802,1.636526848,1.327840937,1.758905287,1.179189172,54.51116172
2020/7/9,1.415114331,1.568436941,1.302322304,1.743834594,1.183340673,69.00728345
2020/7/10,1.434319858,1.593434439,1.308971421,1.787120435,1.152316669,70.9457144
2020/7/13,1.415824549,1.590891734,1.309681468,1.77598569,1.165495953,77.40130187
2020/7/14,1.407128118,1.568731073,1.290384878,1.774915568,1.15102786,73.01954555
2020/7/15,1.301730258,1.485538336,1.271443152,1.670413983,1.139247261,74.82754899
2020/7/16,1.305492488,1.493813386,1.274013294,1.694384057,1.087080366,42.96918949
2020/7/17,1.345305689,1.613796439,1.297365815,1.742016382,1.095285247,41.91777864
2020/7/20,1.362792874,1.602446509,1.288388634,1.747148197,1.130360363,36.91684963
2020/7/21,1.360250808,1.593569193,1.285326377,1.751748195,1.129982054,43.84536368
2020/7/22,1.348327258,1.583278468,1.271186144,1.749802639,1.131544901,44.815891
2020/7/23,1.288168812,1.515164801,1.246692376,1.674797489,1.129052337,46.5118969
2020/7/24,1.295048037,1.524059554,1.243425738,1.696894802,1.085794686,37.2761286
2020/7/27,1.312639977,1.522132091,1.246533335,1.715136618,1.087494808,41.91960645
2020/7/28,1.337030997,1.560287523,1.26004131,1.729319302,1.095285076,48.56950861
2020/7/29,1.328471839,1.554863576,1.249726478,1.734810161,1.115051251,45.80222356
2020/7/30,1.332776223,1.558037061,1.254141397,1.731745372,1.110971948,49.91403492
2020/7/31,1.344641618,1.589499073,1.264737692,1.731303,1.11709771,49.01599375
2020/8/3,1.368771018,1.613234904,1.28401913,1.74056031,1.128017831,48.27915661
2020/8/4,1.356795802,1.588104611,1.274894655,1.726577538,1.138686535,43.53828203
2020/8/5,1.360994803,1.595199337,1.288175527,1.702360002,1.131871125,44.70597716
2020/8/6,1.360994803,1.595199337,1.288175527,1.702360002,1.13183366,43.31270206
2020/8/7,1.36824414,1.609756435,1.291031952,1.702587331,1.122051114,38.50753233
2020/8/10,1.362040389,1.583772174,1.294852691,1.701240037,1.129619603,44.1886092
2020/8/11,1.360123761,1.568191218,1.297094602,1.675007825,1.121734448,38.85282357
2020/8/12,1.359548046,1.568452706,1.29722729,1.672550765,1.117235476,37.83940592
2020/8/13,1.409321559,1.613525711,1.314115465,1.689822877,1.11452175,40.03453474
2020/8/14,1.47083834,1.688849709,1.346242592,1.722676013,1.130566373,53.4799508
2020/8/17,1.495453875,1.707038531,1.346430702,1.738933744,1.158184838,67.56935562
2020/8/18,1.449664708,1.657167842,1.324492533,1.724169652,1.157663132,78.16919793
2020/8/19,1.420278428,1.621331244,1.301916126,1.696942879,1.137148348,55.91057627
2020/8/20,1.433321478,1.63363276,1.312999088,1.704157786,1.122321817,45.36419918
2020/8/21,1.425277817,1.654160182,1.317027886,1.733493722,1.129264293,48.36352001
2020/8/24,1.43451722,1.653640486,1.324291404,1.750721254,1.134075256,45.06650239
2020/8/25,1.423493143,1.633290351,1.311171226,1.748105321,1.138241471,43.8668378
2020/8/26,1.423884859,1.642118129,1.316970522,1.747179395,1.126913922,42.48676684
2020/8/27,1.460628076,1.675770502,1.34028046,1.775288129,1.131347263,42.14317081
2020/8/28,1.45664099,1.649117111,1.325744562,1.773133139,1.158043745,46.38733269
2020/8/31,1.461064457,1.648520678,1.326352836,1.771448506,1.149603536,48.9312053
2020/9/1,1.458155687,1.647486164,1.320751464,1.766486282,1.153456728,52.84891293
2020/9/2,1.449788443,1.644638805,1.318810259,1.766481848,1.150777965,47.78349526
2020/9/3,1.432794708,1.627159811,1.313915201,1.751981247,1.14634569,44.68583786
2020/9/4,1.403604776,1.587389109,1.309119591,1.718392792,1.13768133,41.39138853
2020/9/7,1.43300152,1.636429475,1.334793327,1.725685065,1.118503314,34.64970719
2020/9/8,1.416424192,1.602214399,1.321366548,1.696972332,1.131047716,33.91380149
2020/9/9,1.430907938,1.616354925,1.326634686,1.706782697,1.112410383,33.21270306
2020/9/10,1.440357882,1.624022662,1.326565303,1.722256556,1.115779034,37.35921595
2020/9/11,1.440708987,1.632782319,1.335348736,1.744488079,1.122653129,39.89529005
2020/9/14,1.442958646,1.643354988,1.345086965,1.743297649,1.132504193,42.83316411
2020/9/15,1.42853545,1.640773648,1.348208755,1.724271468,1.140579707,39.49425855
2020/9/16,1.402107703,1.633525057,1.340769486,1.68729228,1.132996813,35.73218743
2020/9/17,1.463982876,1.698653666,1.376263879,1.721829222,1.122374589,34.53854168
2020/9/18,1.442076287,1.681878462,1.359234825,1.704294861,1.150940992,42.48935847
2020/9/21,1.434029217,1.660870899,1.343072701,1.696516895,1.13850093,36.77751291
2020/9/22,1.423282139,1.651414367,1.332422008,1.688186239,1.124379792,34.72723953
2020/9/23,1.415113872,1.635495216,1.317128992,1.661381282,1.126174285,33.01169684
2020/9/24,1.418736364,1.631006539,1.320310364,1.663117436,1.106570311,33.5581615
2020/9/25,1.425853308,1.634564782,1.328938876,1.670701811,1.110372964,31.81245782
2020/9/28,1.418468836,1.628125288,1.311476363,1.666840698,1.117498029,32.77286756
2020/9/29,1.406135419,1.608810499,1.304047361,1.666462735,1.114342427,34.02947485
2020/9/30,1.424623044,1.631501095,1.31691421,1.692555553,1.111281058,34.64156726
2020/10/9,1.475881792,1.689613299,1.350342409,1.733711396,1.129996742,38.2077551
2020/10/12,1.475755162,1.692021529,1.358152768,1.726119512,1.16472927,44.66965212
2020/10/13,1.472106485,1.679478123,1.35976972,1.713728987,1.164388296,45.93465074
2020/10/14,1.486988984,1.689781002,1.377765749,1.716033101,1.158407957,45.70663785
2020/10/15,1.503867914,1.699597079,1.395346007,1.709358927,1.159062401,46.27588625
2020/10/16,1.502163099,1.689216793,1.396367991,1.690487642,1.162076602,51.24807118
2020/10/19,1.508861085,1.695589369,1.40697147,1.705791657,1.153185648,50.94279166
2020/10/20,1.53092601,1.715079816,1.431425007,1.701111974,1.156346991,49.63497708
2020/10/21,1.524040862,1.691754089,1.431230387,1.698813777,1.161133132,55.22212257
2020/10/22,1.500656651,1.663354912,1.420390496,1.681067272,1.158419027,51.24377112
2020/10/23,1.471481665,1.635259554,1.39013981,1.653526056,1.150538617,42.83620755
2020/10/26,1.475425705,1.651003009,1.388392431,1.652783262,1.136132199,41.79659896
2020/10/27,1.484218544,1.653948317,1.39542009,1.672991372,1.13248267,44.69105333
2020/10/28,1.479416018,1.655764263,1.400846632,1.679869095,1.139063992,47.09064246
2020/10/29,1.451520313,1.619516869,1.386629358,1.659448257,1.142917321,47.96905689
2020/10/30,1.444612254,1.616187374,1.392796539,1.668236521,1.127771132,44.23276237
2020/11/2,1.467281594,1.631677115,1.41302777,1.686673337,1.122790542,45.06950579
2020/11/3,1.462826469,1.648320281,1.438101603,1.716531024,1.137088286,42.08314376
2020/11/4,1.465504018,1.663724237,1.449809379,1.738152706,1.145581851,48.10889311
2020/11/5,1.441221773,1.652205741,1.436918563,1.718980513,1.15840971,58.15672212
2020/11/6,1.468734202,1.684121317,1.465217168,1.746205617,1.154839906,59.13143185
2020/11/9,1.469095534,1.660996866,1.466858109,1.729226468,1.175177292,61.09636194
2020/11/10,1.467393558,1.67598469,1.472259346,1.727073486,1.174443467,54.56369672
2020/11/11,1.452546368,1.66395789,1.455211787,1.726594909,1.172754999,55.2558247
2020/11/12,1.426010811,1.633074964,1.424931025,1.699391994,1.167984844,53.93692186
2020/11/13,1.440726029,1.655959278,1.438743151,1.719260639,1.147685858,49.40622507
2020/11/16,1.445426653,1.665095848,1.450899373,1.722289337,1.161024971,47.23191616
2020/11/17,1.463190967,1.674471295,1.468636808,1.718918742,1.161769007,50.39673577
2020/11/18,1.462612089,1.661007832,1.476830106,1.730038567,1.164440446,48.66560063
2020/11/19,1.459776811,1.662772397,1.481293066,1.729682688,1.172364518,46.22791787
2020/11/20,1.46583873,1.681142077,1.498823596,1.756872997,1.172996615,55.9868953
2020/11/23,1.456445302,1.671949659,1.477076865,1.750008418,1.192892675,56.29640976
2020/11/24,1.449915197,1.653979375,1.466712001,1.724852087,1.183582191,49.63028226
2020/11/25,1.453042912,1.64467358,1.471261945,1.722912086,1.175870479,46.20584396
2020/11/26,1.476529767,1.685647441,1.501407797,1.743127375,1.184619034,46.72249636
2020/11/27,1.453802007,1.678565165,1.464946781,1.727341343,1.202812566,56.30906186
2020/11/30,1.486524642,1.702691618,1.506657992,1.752436993,1.192759697,47.19543576
2020/12/1,1.483770508,1.690536256,1.507930499,1.750803644,1.221843199,58.03655043
2020/12/2,1.485305312,1.68053043,1.501624169,1.760942357,1.218861213,59.72918747
2020/12/3,1.47718659,1.675309803,1.48714776,1.779611861,1.215930142,55.07606927
2020/12/4,1.461299065,1.651389234,1.461613552,1.763179361,1.217548201,52.46753551
2020/12/7,1.461912735,1.640510876,1.458074107,1.77160861,1.206691578,51.02994463
2020/12/8,1.450025059,1.620877924,1.453988646,1.754492123,1.2029495,51.82628779
2020/12/9,1.440105504,1.60689392,1.445411605,1.756618896,1.192453414,47.7451754
2020/12/10,1.417861768,1.592980187,1.413065019,1.745521864,1.189190032,47.87374201
2020/12/11,1.429300015,1.588605765,1.437442295,1.76015513,1.178471237,53.23919117
2020/12/14,1.443248915,1.604081808,1.43249818,1.794194915,1.192192132,54.66925756
2020/12/15,1.445794929,1.604989428,1.429837188,1.795722657,1.192557136,62.03889031
2020/12/16,1.480036622,1.637774468,1.438303725,1.843360807,1.198255943,66.71959129
2020/12/17,1.464885222,1.627998283,1.415653781,1.837237819,1.216867217,92.22617789
2020/12/18,1.470631656,1.629484925,1.413690712,1.844672523,1.206015133,86.19138168
2020/12/21,1.435043735,1.58612193,1.376513115,1.830470738,1.210927136,91.48805072
2020/12/22,1.441484964,1.597230339,1.387440549,1.821145312,1.193270093,91.55108712
2020/12/23,1.44962634,1.601725045,1.38887614,1.831460067,1.201412611,101.6916921
2020/12/24,1.471835761,1.618308157,1.392276725,1.861343498,1.199586179,112.7935272
2020/12/25,1.466314144,1.612507024,1.407895509,1.86488284,1.20756629,157.5883415
2020/12/28,1.451786122,1.605244375,1.401445848,1.843894142,1.211468575,127.5449941
2020/12/29,1.466785313,1.617812457,1.403891675,1.895395711,1.209238427,93.69888249
2020/12/30,1.484221436,1.638809618,1.429548604,1.91367043,1.228759205,113.7544152
2020/12/31,1.469588651,1.632874881,1.407926827,1.905935627,1.251624222,99.8662461
2021/1/4,1.464514249,1.629835085,1.38460331,1.924695189,1.252559441,92.51168093
2021/1/5,1.499440685,1.678963303,1.435916677,1.96551624,1.266312584,118.6316147
2021/1/6,1.526468753,1.695050661,1.472240449,1.994536655,1.284631428,83.69113563
2021/1/7,1.533361368,1.711238514,1.484248497,1.985674035,1.309185602,110.4748359
2021/1/8,1.534815538,1.701588114,1.50739318,1.990907819,1.302395563,94.49089893
2021/1/11,1.593561008,1.770343093,1.564826054,2.032942194,1.298342319,102.3432228
2021/1/12,1.572932007,1.743557628,1.550342691,2.018633278,1.342895485,125.1049157
2021/1/13,1.560674371,1.719990863,1.54681136,1.992062016,1.331586775,101.5387438
2021/1/14,1.591125661,1.733598877,1.598063522,1.990283479,1.310270164,77.79294317
2021/1/15,1.584606999,1.719460948,1.604080176,1.973495697,1.312577115,82.40964141
2021/1/18,1.570343157,1.699137117,1.598729062,1.932987616,1.323394099,84.14760424
2021/1/19,1.563371074,1.683199423,1.587786201,1.943350938,1.309400302,70.48779837
2021/1/20,1.579216579,1.688518288,1.602845153,1.967206158,1.311449202,74.34806258
2021/1/21,1.567985717,1.670199508,1.566560462,1.984166381,1.323620211,89.92036276
2021/1/22,1.571306027,1.678796285,1.581250792,2.011908592,1.322361449,92.56199343
2021/1/25,1.538023221,1.642794186,1.556670626,1.967838286,1.340153672,92.38735688
2021/1/26,1.545410118,1.645789904,1.569970711,1.956248401,1.31098044,81.63501958
2021/1/27,1.5269607,1.621339272,1.555977975,1.935916464,1.312691839,82.5093156
2021/1/28,1.507383738,1.602016663,1.533612947,1.932482673,1.284076444,73.84247077
2021/1/29,1.517873683,1.603816543,1.560729013,1.930574649,1.276586375,77.28738896
2021/2/1,1.525938996,1.611217837,1.548530021,1.959149276,1.287974363,82.45094403
2021/2/2,1.527648177,1.600464486,1.561316048,1.971882447,1.296602969,82.06571374
2021/2/3,1.511918218,1.57132065,1.556390569,2.001470074,1.298064913,94.42912626
2021/2/4,1.539623224,1.59231694,1.578912028,2.033855925,1.306967556,123.0931706
2021/2/5,1.533376166,1.588813013,1.573413473,2.048930198,1.320426516,104.2143044
2021/2/8,1.554015858,1.609790599,1.58342483,2.089538352,1.337512692,120.725033
2021/2/9,1.554015858,1.609790599,1.58342483,2.089538352,1.358952346,132.909986
2021/2/10,1.561608409,1.626593411,1.614350383,2.088749952,1.384977883,168.8082201
2021/2/18,1.560047028,1.624978406,1.612736063,2.087120115,1.380094381,130.3207017
2021/2/19,1.560047028,1.624978406,1.612736063,2.087120115,1.380139924,105.682462
2021/2/22,1.560047028,1.624978406,1.612736063,2.087120115,1.334557063,83.98205611
2021/2/23,1.560047028,1.624978406,1.612736063,2.087120115,1.340005589,91.02564397
2021/2/24,1.560047028,1.624978406,1.612736063,2.087120115,1.308292624,66.58851484
2021/2/25,1.560047028,1.624978406,1.612736063,2.087120115,1.323954813,61.12241256
2021/2/26,1.560047028,1.624978406,1.612736063,2.087120115,1.291580116,51.23126154
2021/3/1,1.560047028,1.624978406,1.612736063,2.087120115,1.302241052,65.19650987
2021/3/2,1.560047028,1.624978406,1.612736063,2.087120115,1.278486504,53.22052046
2021/3/3,1.560047028,1.624978406,1.612736063,2.087120115,1.312397816,52.53499489
2021/3/4,1.560047028,1.624978406,1.612736063,2.087120115,1.275009628,45.62551675
2021/3/5,1.560047028,1.624978406,1.612736063,2.087120115,1.268141067,50.26683792
2021/3/8,1.560047028,1.624978406,1.612736063,2.087120115,1.228518708,46.45144153
2021/3/9,1.563208498,1.624921044,1.615712558,2.087175215,1.2065788,36.98571014
2021/3/10,1.578876852,1.62563561,1.63149978,2.095061143,1.214293022,42.23692534
2021/3/11,1.578436546,1.625618866,1.631076083,2.094842932,1.246352667,48.94347843
2021/3/12,1.578436546,1.625618866,1.631076083,2.094842932,1.248853138,51.07864595
2021/3/15,1.578436546,1.625618866,1.631076083,2.094842932,1.226265594,53.21428263
2021/3/16,1.578436546,1.625618866,1.631076083,2.094842932,1.237365724,61.01303458
2021/3/17,1.578436546,1.625618866,1.631076083,2.094842932,1.234501693,56.84696486
2021/3/18,1.578436546,1.625618866,1.631076083,2.094842932,1.239579782,61.13662502
2021/3/19,1.578436546,1.625618866,1.631076083,2.094842932,1.207406169,49.06826868
2021/3/22,1.578436546,1.625618866,1.631076083,2.094842932,1.216484628,51.15066227
2021/3/23,1.578436546,1.625618866,1.631076083,2.094842932,1.208899019,50.49370242
2021/3/24,1.578436546,1.625618866,1.631076083,2.094842932,1.191599244,49.33838521
2021/3/25,1.582318151,1.627397808,1.635151261,2.09489677,1.190853386,40.8293048
2021/3/26,1.584919232,1.627339384,1.639191602,2.095730268,1.213494012,35.92776435
2021/3/29,1.58951891,1.627376325,1.645475429,2.097527001,1.21623844,39.44622959
2021/3/30,1.575234088,1.622349498,1.626391364,2.094691423,1.229829381,37.62116462
2021/3/31,1.589061623,1.624958852,1.644025451,2.094638009,1.216808654,35.74604025
2021/4/1,1.642717532,1.629106539,1.713637692,2.094468971,1.231688095,34.56387622
2021/4/2,1.641629003,1.628998529,1.712299944,2.094433784,1.243416128,53.29306306
2021/4/6,1.641629003,1.628998529,1.712299944,2.094433784,1.235834025,48.89361967
2021/4/7,1.642404003,1.629058965,1.712956206,2.094409279,1.223374814,38.48845215
2021/4/8,1.641675675,1.628851576,1.702601214,2.094257854,1.228383252,36.10272731
2021/4/9,1.639285222,1.628777626,1.698946562,2.093880213,1.208124798,34.50566472
2021/4/12,1.64038842,1.628673547,1.703243108,2.094948354,1.195388937,39.97060834
2021/4/13,1.64298752,1.628531201,1.716050947,2.095374342,1.190023643,41.94732889
2021/4/14,1.64261101,1.62849977,1.714994371,2.095306243,1.192675486,52.42554261
2021/4/15,1.64261101,1.62849977,1.714994371,2.095306243,1.179721523,55.57513076
2021/4/16,1.64261101,1.62849977,1.714994371,2.095306243,1.185432294,66.03880635
2021/4/19,1.64261101,1.62849977,1.714994371,2.095306243,1.207878883,63.06066731
2021/4/20,1.64261101,1.62849977,1.714994371,2.095306243,1.206754201,72.75514203
2021/4/21,1.64261101,1.62849977,1.714994371,2.095306243,1.208807914,61.29539339
2021/4/22,1.64261101,1.62849977,1.714994371,2.095306243,1.198951212,58.37843507
2021/4/23,1.64261101,1.62849977,1.714994371,2.095306243,1.211532126,61.26427092
2021/4/26,1.64261101,1.62849977,1.714994371,2.095306243,1.192155604,59.48266544
2021/4/27,1.64261101,1.62849977,1.714994371,2.095306243,1.195126417,58.28378156
2021/4/28,1.64261101,1.62849977,1.714994371,2.095306243,1.194004657,48.93777614
2021/4/29,1.64261101,1.62849977,1.714994371,2.095306243,1.209190487,53.32750756
2021/4/30,1.64261101,1.62849977,1.714994371,2.095306243,1.200244079,47.84196908
2021/5/6,1.64261101,1.62849977,1.714994371,2.095306243,1.186062914,55.92369835
2021/5/7,1.64261101,1.62849977,1.714994371,2.095306243,1.171063866,57.84703981
2021/5/10,1.64261101,1.62849977,1.714994371,2.095306243,1.168889242,56.42302331
2021/5/11,1.64261101,1.62849977,1.714994371,2.095306243,1.18186005,53.9765596
2021/5/12,1.64261101,1.62849977,1.714994371,2.095306243,1.185348925,54.37694317
2021/5/13,1.64261101,1.62849977,1.714994371,2.095306243,1.173669229,56.47388999
2021/5/14,1.64261101,1.62849977,1.714994371,2.095306243,1.204317778,58.73894115
2021/5/17,1.64261101,1.62849977,1.714994371,2.095306243,1.216995298,58.9386476
2021/5/18,1.64261101,1.62849977,1.714994371,2.095306243,1.216233385,64.2434887
2021/5/19,1.64261101,1.62849977,1.714994371,2.095306243,1.207216085,53.36236058
2021/5/20,1.64261101,1.62849977,1.714994371,2.095306243,1.210992233,57.59000588
2021/5/21,1.64261101,1.62849977,1.714994371,2.095306243,1.197037937,54.49938033
2021/5/24,1.64261101,1.62849977,1.714994371,2.095306243,1.20249908,51.68610995
2021/5/25,1.64261101,1.62849977,1.714994371,2.095306243,1.251848737,74.48050835
2021/5/26,1.64261101,1.62849977,1.714994371,2.095306243,1.25731435,77.42663504
2021/5/27,1.64261101,1.62849977,1.714994371,2.095306243,1.259979395,71.71442371
2021/5/28,1.64261101,1.62849977,1.714994371,2.095306243,1.258038343,73.63257437
2021/5/31,1.64261101,1.62849977,1.714994371,2.095306243,1.254919732,69.09092818
2021/6/1,1.64261101,1.62849977,1.714994371,2.095306243,1.255153133,59.17637552
2021/6/2,1.64261101,1.62849977,1.714994371,2.095306243,1.245353053,61.66012613
2021/6/3,1.64261101,1.62849977,1.714994371,2.095306243,1.234612461,61.66553205
2021/6/4,1.64261101,1.62849977,1.714994371,2.095306243,1.242019573,68.37439097
2021/6/7,1.64261101,1.62849977,1.714994371,2.095306243,1.238034228,70.30130834
2021/6/8,1.64261101,1.62849977,1.714994371,2.095306243,1.230874578,52.76185593
2021/6/9,1.64261101,1.62849977,1.714994371,2.095306243,1.233366557,53.02865504
2021/6/10,1.64261101,1.62849977,1.714994371,2.095306243,1.240292979,55.77719718
2021/6/11,1.64261101,1.62849977,1.714994371,2.095306243,1.229669138,53.91732967
2021/6/15,1.64261101,1.62849977,1.714994371,2.095306243,1.213129625,52.67432624
2021/6/16,1.64261101,1.62849977,1.714994371,2.095306243,1.198559459,54.79558003
2021/6/17,1.64261101,1.62849977,1.714994371,2.095306243,1.196948036,51.05940055
2021/6/18,1.641198837,1.628203333,1.713696182,2.093986537,1.187661548,40.05842571
2021/6/21,1.640281061,1.627896014,1.712318628,2.09398754,1.179638703,40.71196955
2021/6/22,1.629352765,1.627188742,1.701203033,2.093932678,1.191139765,40.86688556
2021/6/23,1.636764054,1.626999948,1.712846469,2.0939363,1.193420966,36.70738122
2021/6/24,1.654179001,1.629162309,1.735028559,2.095685386,1.197741818,37.55283642
2021/6/25,1.659169209,1.628947699,1.741176839,2.096191006,1.215312777,40.35366241
2021/6/28,1.633927498,1.626616548,1.711085123,2.092058843,1.210405104,36.35275108
2021/6/29,1.630404008,1.626481051,1.70659754,2.091675061,1.197337517,35.14551628
2021/6/30,1.665821053,1.627296084,1.745294377,2.098018978,1.202809043,32.18324166
2021/7/1,1.593105609,1.616088681,1.669727842,2.076494577,1.21539202,39.20454074
2021/7/2,1.577639787,1.61519234,1.654875627,2.074093337,1.171726215,32.59209703
2021/7/5,1.591843843,1.615754556,1.671042221,2.076167298,1.170541437,36.37227616
2021/7/6,1.585201179,1.615536536,1.663570832,2.075830624,1.170709242,39.6578294
2021/7/7,1.568978686,1.613398013,1.646994477,2.072924162,1.177279426,37.25611501
2021/7/8,1.559813777,1.612547636,1.636175178,2.072337465,1.159699873,36.45588523
2021/7/9,1.552016586,1.61118309,1.626977044,2.072689878,1.155690944,32.14362064
2021/7/12,1.565594934,1.612907419,1.644701521,2.073344332,1.163568192,29.19140049
2021/7/13,1.546855254,1.610306239,1.626648624,2.071578002,1.166055394,32.01207028
2021/7/14,1.574322511,1.615142263,1.656559881,2.075348577,1.148054075,34.855106
2021/7/15,1.545614664,1.614167377,1.622322252,2.074741853,1.172775436,38.39945555
2021/7/16,1.560719585,1.613118956,1.637255993,2.074835631,1.158546072,35.3946467
2021/7/19,1.566919484,1.612919634,1.641315319,2.074267056,1.16386351,34.08578892
2021/7/20,1.558455659,1.61324071,1.632681869,2.073807043,1.161547311,29.32171837
2021/7/21,1.538724563,1.612063679,1.610457296,2.070667181,1.164947728,28.07380705
2021/7/22,1.509307416,1.608581663,1.577818666,2.067650787,1.166390419,24.62045085
2021/7/23,1.443134248,1.596888658,1.498493183,2.054659195,1.15426503,22.292341
2021/7/26,1.36897966,1.59221245,1.423575646,2.033540074,1.109889259,18.88152615
2021/7/27,1.410896766,1.596914027,1.468480526,2.039795073,1.074824454,19.12796559
2021/7/28,1.39670659,1.596578691,1.452578533,2.038389166,1.084539893,22.56685801
2021/7/29,1.344147419,1.595290217,1.395966763,2.036922967,1.09422133,22.51840125
2021/7/30,1.402592629,1.608049707,1.459746076,2.050729901,1.077040129,18.91134973
2021/8/2,1.403868691,1.608209387,1.455595478,2.050903803,1.103967194,21.52062344
2021/8/3,1.385249447,1.607922817,1.435285061,2.050708762,1.108327033,18.30888759
2021/8/4,1.366428088,1.608500095,1.41575973,2.051623981,1.111516499,19.93359784
2021/8/5,1.344607253,1.607760244,1.392532188,2.05108852,1.109541824,20.42006424
2021/8/6,1.366649557,1.616116747,1.412986041,2.057298445,1.098656253,23.68205426
2021/8/9,1.441734451,1.62029331,1.497433033,2.059112823,1.112239631,28.60085655
2021/8/10,1.405968836,1.619784214,1.458286187,2.058946859,1.130613586,27.10256779
2021/8/11,1.360272406,1.619164685,1.409449513,2.058219291,1.121648785,30.33629959
2021/8/12,1.368363288,1.620345901,1.417700057,2.059533561,1.109113561,34.45472721
2021/8/13,1.366425176,1.620659847,1.41755436,2.059756161,1.106268025,36.01272052
2021/8/16,1.323478896,1.620341282,1.36642917,2.058808527,1.107913278,32.66624901
2021/8/17,1.316870497,1.626529235,1.355970322,2.066439167,1.082904472,32.4584681
