,datadate,turbulence
0,20120104,0.0
1,20120105,0.0
2,20120106,0.0
3,20120109,0.0
4,20120110,0.0
5,20120111,0.0
6,20120112,0.0
7,20120113,0.0
8,20120116,0.0
9,20120117,0.0
10,20120118,0.0
11,20120119,0.0
12,20120120,0.0
13,20120130,0.0
14,20120131,0.0
15,20120201,0.0
16,20120202,0.0
17,20120203,0.0
18,20120206,0.0
19,20120207,0.0
20,20120208,0.0
21,20120209,0.0
22,20120210,0.0
23,20120213,0.0
24,20120214,0.0
25,20120215,0.0
26,20120216,0.0
27,20120217,0.0
28,20120220,0.0
29,20120221,0.0
30,20120222,0.0
31,20120223,0.0
32,20120224,0.0
33,20120227,0.0
34,20120228,0.0
35,20120229,0.0
36,20120301,0.0
37,20120302,0.0
38,20120305,0.0
39,20120306,0.0
40,20120307,0.0
41,20120308,0.0
42,20120309,0.0
43,20120312,0.0
44,20120313,0.0
45,20120314,0.0
46,20120315,0.0
47,20120316,0.0
48,20120319,0.0
49,20120320,0.0
50,20120321,0.0
51,20120322,0.0
52,20120323,0.0
53,20120326,0.0
54,20120327,0.0
55,20120328,0.0
56,20120329,0.0
57,20120330,0.0
58,20120405,0.0
59,20120406,0.0
60,20120409,0.0
61,20120410,0.0
62,20120411,0.0
63,20120412,0.0
64,20120413,0.0
65,20120416,0.0
66,20120417,0.0
67,20120418,0.0
68,20120419,0.0
69,20120420,0.0
70,20120423,0.0
71,20120424,0.0
72,20120425,0.0
73,20120426,0.0
74,20120427,0.0
75,20120502,0.0
76,20120503,0.0
77,20120504,0.0
78,20120507,0.0
79,20120508,0.0
80,20120509,0.0
81,20120510,0.0
82,20120511,0.0
83,20120514,0.0
84,20120515,0.0
85,20120516,0.0
86,20120517,0.0
87,20120518,0.0
88,20120521,0.0
89,20120522,0.0
90,20120523,0.0
91,20120524,0.0
92,20120525,0.0
93,20120528,0.0
94,20120529,0.0
95,20120530,0.0
96,20120531,0.0
97,20120601,0.0
98,20120604,0.0
99,20120605,0.0
100,20120606,0.0
101,20120607,0.0
102,20120608,0.0
103,20120611,0.0
104,20120612,0.0
105,20120613,0.0
106,20120614,0.0
107,20120615,0.0
108,20120618,0.0
109,20120619,0.0
110,20120620,0.0
111,20120621,0.0
112,20120625,0.0
113,20120626,0.0
114,20120627,0.0
115,20120628,0.0
116,20120629,0.0
117,20120702,0.0
118,20120703,0.0
119,20120704,0.0
120,20120705,0.0
121,20120706,0.0
122,20120709,0.0
123,20120710,0.0
124,20120711,0.0
125,20120712,0.0
126,20120713,0.0
127,20120716,0.0
128,20120717,0.0
129,20120718,0.0
130,20120719,0.0
131,20120720,0.0
132,20120723,0.0
133,20120724,0.0
134,20120725,0.0
135,20120726,0.0
136,20120727,0.0
137,20120730,0.0
138,20120731,0.0
139,20120801,0.0
140,20120802,0.0
141,20120803,0.0
142,20120806,0.0
143,20120807,0.0
144,20120808,0.0
145,20120809,0.0
146,20120810,0.0
147,20120813,0.0
148,20120814,0.0
149,20120815,0.0
150,20120816,0.0
151,20120817,0.0
152,20120820,0.0
153,20120821,0.0
154,20120822,0.0
155,20120823,0.0
156,20120824,0.0
157,20120827,0.0
158,20120828,0.0
159,20120829,0.0
160,20120830,0.0
161,20120831,0.0
162,20120903,0.0
163,20120904,0.0
164,20120905,0.0
165,20120906,0.0
166,20120907,0.0
167,20120910,0.0
168,20120911,0.0
169,20120912,0.0
170,20120913,0.0
171,20120914,0.0
172,20120917,0.0
173,20120918,0.0
174,20120919,0.0
175,20120920,0.0
176,20120921,0.0
177,20120924,0.0
178,20120925,0.0
179,20120926,0.0
180,20120927,0.0
181,20120928,0.0
182,20121008,0.0
183,20121009,0.0
184,20121010,0.0
185,20121011,0.0
186,20121012,0.0
187,20121015,0.0
188,20121016,0.0
189,20121017,0.0
190,20121018,0.0
191,20121019,0.0
192,20121022,0.0
193,20121023,0.0
194,20121024,0.0
195,20121025,0.0
196,20121026,0.0
197,20121029,0.0
198,20121030,0.0
199,20121031,0.0
200,20121101,0.0
201,20121102,0.0
202,20121105,0.0
203,20121106,0.0
204,20121107,0.0
205,20121108,0.0
206,20121109,0.0
207,20121112,0.0
208,20121113,0.0
209,20121114,0.0
210,20121115,0.0
211,20121116,0.0
212,20121119,0.0
213,20121120,0.0
214,20121121,0.0
215,20121122,0.0
216,20121123,0.0
217,20121126,0.0
218,20121127,0.0
219,20121128,0.0
220,20121129,0.0
221,20121130,0.0
222,20121203,0.0
223,20121204,0.0
224,20121205,0.0
225,20121206,0.0
226,20121207,0.0
227,20121210,0.0
228,20121211,0.0
229,20121212,0.0
230,20121213,0.0
231,20121214,0.0
232,20121217,0.0
233,20121218,0.0
234,20121219,0.0
235,20121220,0.0
236,20121221,0.0
237,20121224,0.0
238,20121225,0.0
239,20121226,0.0
240,20121227,0.0
241,20121228,0.0
242,20121231,0.0
243,20130104,0.0
244,20130107,0.0
245,20130108,0.0
246,20130109,0.0
247,20130110,0.0
248,20130111,0.0
249,20130114,0.0
250,20130115,0.0
251,20130116,0.0
252,20130117,0.0
253,20130118,0.0
254,20130121,29.070236716057693
255,20130122,38.467170377591195
256,20130123,31.650407314647772
257,20130124,36.528103454941416
258,20130125,44.642383417436974
259,20130128,68.20608891666757
260,20130129,71.85189581166011
261,20130130,72.54254686050277
262,20130131,84.04330696373688
263,20130201,88.84638013265428
264,20130204,95.91557391247879
265,20130205,54.981380098822406
266,20130206,52.84999077013393
267,20130207,44.2520139760547
268,20130208,44.78695983945383
269,20130218,43.61933655866323
270,20130219,46.03518841368038
271,20130220,56.68632378300911
272,20130221,32.99781210227268
273,20130222,25.194287157068494
274,20130225,32.96358123895259
275,20130226,32.78900134331185
276,20130227,29.282332010287917
277,20130228,28.165037308027447
278,20130301,31.895361516020486
279,20130304,36.88890028165296
280,20130305,36.40635224284509
281,20130306,28.890323229673527
282,20130307,23.965054664558473
283,20130308,21.73435682178113
284,20130311,19.526458963355296
285,20130312,19.822203132850248
286,20130313,21.87921512530511
287,20130314,21.56328995246058
288,20130315,29.646601399906075
289,20130318,17.877803141237962
290,20130319,15.31750383705802
291,20130320,14.237954444086583
292,20130321,15.747213779948666
293,20130322,20.75228511359597
294,20130325,17.390005377863357
295,20130326,15.082756469079978
296,20130327,14.426245991953927
297,20130328,27.52102926379731
298,20130329,20.334524648672208
299,20130401,17.701884807955487
300,20130402,19.626766891112762
301,20130403,15.446088529708323
302,20130408,19.949097518953195
303,20130409,14.411782308348595
304,20130410,9.737380534196012
305,20130411,12.661530180601872
306,20130412,10.48206028544015
307,20130415,14.964569992335877
308,20130416,14.487721659778291
309,20130417,14.254595712588209
310,20130418,12.506410095098948
311,20130419,11.516472359271653
312,20130422,15.495329637387695
313,20130423,17.817803246152568
314,20130424,11.739202761474942
315,20130425,14.58209042129264
316,20130426,16.1150657391215
317,20130502,19.61551727254213
318,20130503,19.12257534549325
319,20130506,14.409463921802406
320,20130507,10.702012803248573
321,20130508,12.755160297566952
322,20130509,13.330861446197831
323,20130510,19.908984893264382
324,20130513,35.68903710626921
325,20130514,47.10241710112579
326,20130515,52.23919160345449
327,20130516,50.97724586241303
328,20130517,34.25626265943375
329,20130520,31.97632439371671
330,20130521,24.12714563244225
331,20130522,36.07903509470492
332,20130523,28.509283017722783
333,20130524,28.431948927787033
334,20130527,25.035283410670445
335,20130528,28.306617754873944
336,20130529,23.564490506966862
337,20130530,30.206717679786653
338,20130531,23.605639122893933
339,20130603,23.27589240846051
340,20130604,24.144139268488424
341,20130605,19.405744070929746
342,20130606,19.39939376361378
343,20130607,21.501840550450634
344,20130613,29.882545617324492
345,20130614,28.426412088350236
346,20130617,23.40090279762961
347,20130618,24.612923548450652
348,20130619,21.061428369347485
349,20130620,24.48583053577517
350,20130621,27.617167158200445
351,20130624,39.13473398661811
352,20130625,36.747555648892344
353,20130626,39.719522768541886
354,20130627,34.94884466089159
355,20130628,33.5405222045281
356,20130701,28.267353055822444
357,20130702,26.63220015811855
358,20130703,26.661000695039036
359,20130704,22.185482294173603
360,20130705,21.94182902600879
361,20130708,24.643924227083257
362,20130709,20.66391020221579
363,20130710,18.598215542479377
364,20130711,13.983542705372003
365,20130712,10.585419730968606
366,20130715,17.556378931776557
367,20130716,23.05807667874167
368,20130717,23.836507500184123
369,20130718,21.468883641310324
370,20130719,18.616078011879004
371,20130722,28.132092229771473
372,20130723,18.035618554457297
373,20130724,22.754992749090235
374,20130725,21.095908896185964
375,20130726,27.04211836627329
376,20130729,31.495464924728644
377,20130730,21.34254226431496
378,20130731,18.29548545868374
379,20130801,15.960075253791498
380,20130802,15.691612005931702
381,20130805,18.422678243532083
382,20130806,26.781934166901124
383,20130807,27.56639648644028
384,20130808,32.480221843781756
385,20130809,26.90453318692252
386,20130812,16.723308725170106
387,20130813,16.011289943387908
388,20130814,16.893080862821343
389,20130815,10.470589066333547
390,20130816,9.4170488514558
391,20130819,11.02341809314412
392,20130820,11.257885903060615
393,20130821,9.098381501706204
394,20130822,10.55846938948148
395,20130823,14.917715429272292
396,20130826,12.719605443658526
397,20130827,12.693500362767304
398,20130828,12.127997788504707
399,20130829,13.02251448958652
400,20130830,15.471808485535604
401,20130902,26.958157974403168
402,20130903,22.199236973702938
403,20130904,18.978787502814754
404,20130905,17.896549014976216
405,20130906,18.01939654948695
406,20130909,22.572418450860148
407,20130910,26.46532981354697
408,20130911,16.300914389883218
409,20130912,22.031552650050816
410,20130913,18.497287742259136
411,20130916,16.709718191392604
412,20130917,27.533478785773845
413,20130918,26.03100001735384
414,20130923,25.947043705511117
415,20130924,24.80922756958727
416,20130925,23.693238103151888
417,20130926,24.001789254345425
418,20130927,26.89909009849702
419,20130930,24.101154080890453
420,20131008,20.082100086764115
421,20131009,20.20289650934025
422,20131010,16.647365958523004
423,20131011,18.936326006103208
424,20131014,21.440078622820867
425,20131015,18.35673681785275
426,20131016,11.94497775734624
427,20131017,11.969907444889174
428,20131018,12.69131262742066
429,20131021,12.200097106928446
430,20131022,10.090140731626823
431,20131023,9.15541963897805
432,20131024,15.769652511933074
433,20131025,16.48814347490334
434,20131028,17.973784294794534
435,20131029,14.977677157438446
436,20131030,16.002180984025987
437,20131031,14.500058624507993
438,20131101,14.398329629036963
439,20131104,23.614831960354717
440,20131105,25.116760381139347
441,20131106,21.210678534959662
442,20131107,20.77515078815017
443,20131108,21.99109066326431
444,20131111,21.991233611327203
445,20131112,16.154589421430458
446,20131113,14.550786730372623
447,20131114,21.765367795779547
448,20131115,18.521560497272866
449,20131118,10.417592467931101
450,20131119,13.444083762276092
451,20131120,14.892694221268425
452,20131121,15.850166611008753
453,20131122,18.028265701350804
454,20131125,16.580337390032597
455,20131126,10.06201921006164
456,20131127,10.550964086962294
457,20131128,10.678880438444912
458,20131129,9.454964515164244
459,20131202,14.951632316585894
460,20131203,10.995424477356016
461,20131204,12.73979970700423
462,20131205,13.801252160605097
463,20131206,11.221435070380979
464,20131209,14.201322128047222
465,20131210,12.26125154320232
466,20131211,11.311801512520265
467,20131212,16.009292188413923
468,20131213,17.528454040115914
469,20131216,10.987852238599636
470,20131217,14.785937325072032
471,20131218,16.1849371107115
472,20131219,11.82783983864391
473,20131220,20.506611890938913
474,20131223,23.025212651450424
475,20131224,17.83703698951189
476,20131225,16.587560815555953
477,20131226,21.51658340647206
478,20131227,19.011759454681375
479,20131230,23.558677654401535
480,20131231,19.735759809726922
481,20140102,22.800508717828492
482,20140103,22.66056302360147
483,20140106,18.462320669311566
484,20140107,23.52811973536573
485,20140108,24.22074275844139
486,20140109,25.00276759911827
487,20140110,22.191193958031246
488,20140113,19.253652221858403
489,20140114,15.123876719222807
490,20140115,23.869564089373053
491,20140116,20.23185109065627
492,20140117,23.05578642965289
493,20140120,16.978000038157372
494,20140121,16.78860815844686
495,20140122,15.237777185264921
496,20140123,14.45671294980762
497,20140124,12.552643783466314
498,20140127,9.483499857705441
499,20140128,9.93057876449363
500,20140129,10.676660483748169
501,20140130,12.063031911548897
502,20140207,14.633740656853277
503,20140210,15.165467681338695
504,20140211,13.900460242504913
505,20140212,13.251703624094953
506,20140213,9.808234598948152
507,20140214,12.608858812755802
508,20140217,13.529951454084852
509,20140218,9.944759537864751
510,20140219,10.419376716839057
511,20140220,31.377096919411066
512,20140221,24.784099951025382
513,20140224,26.11883050222295
514,20140225,21.77642653115563
515,20140226,28.319091987007734
516,20140227,40.459776682344526
517,20140228,39.300854859364286
518,20140303,40.514054592345545
519,20140304,33.502190991728746
520,20140305,21.718107226746223
521,20140306,24.625201521183985
522,20140307,33.19662767442379
523,20140310,26.550946347415355
524,20140311,29.593440972972093
525,20140312,17.421292744259446
526,20140313,19.945669996272862
527,20140314,17.681123349392728
528,20140317,19.03516752214701
529,20140318,17.530270282986898
530,20140319,19.33993683240376
531,20140320,17.518661506582443
532,20140321,21.222922897238426
533,20140324,19.186393595218338
534,20140325,15.885962222083272
535,20140326,13.916303434469343
536,20140327,11.225478819759113
537,20140328,13.651332324095883
538,20140331,14.05073388725261
539,20140401,14.362191373049626
540,20140402,16.53148631061515
541,20140403,15.03875658186131
542,20140404,13.846250416360764
543,20140408,16.258828280826595
544,20140409,18.255466876707416
545,20140410,24.814106552171815
546,20140411,22.553364228321126
547,20140414,23.832611811331944
548,20140415,19.30788457702891
549,20140416,17.241001436187606
550,20140417,16.122743720657297
551,20140418,16.08886487983888
552,20140421,12.15103433141156
553,20140422,13.668886179454367
554,20140423,15.03126097690334
555,20140424,13.741260020006502
556,20140425,9.372198211895189
557,20140428,10.10751685341378
558,20140429,12.064741294153606
559,20140430,11.951008306827863
560,20140505,11.843789576087797
561,20140506,10.811330302549614
562,20140507,10.00675361065934
563,20140508,11.206383026325023
564,20140509,9.782745948997423
565,20140512,10.494126482608479
566,20140513,9.839968670375786
567,20140514,9.31026525524376
568,20140515,8.932478190448782
569,20140516,9.91434067419755
570,20140519,9.601610220488748
571,20140520,9.622911554794037
572,20140521,10.479229501332759
573,20140522,10.308112060916908
574,20140523,11.617706096085556
575,20140526,11.5409932695494
576,20140527,12.080882403330316
577,20140528,10.960384680337363
578,20140529,13.447171501905864
579,20140530,11.949655754586544
580,20140603,13.461241357359617
581,20140604,11.691278226243076
582,20140605,15.0516585378903
583,20140606,15.387639784743962
584,20140609,19.044292174237775
585,20140610,20.570795209088978
586,20140611,23.25000439717854
587,20140612,20.795331834876464
588,20140613,21.95736665737472
589,20140616,21.513503264740578
590,20140617,18.275652742322777
591,20140618,20.043885595119463
592,20140619,15.310612836021342
593,20140620,17.72955020277609
594,20140623,18.04494656750155
595,20140624,19.981151320212945
596,20140625,16.166316219136718
597,20140626,15.481221956297777
598,20140627,15.862233730441261
599,20140630,16.115920026981524
600,20140701,16.297270403813883
601,20140702,14.14426481853483
602,20140703,14.525900688009953
603,20140704,12.509458821037718
604,20140707,11.079109335496263
605,20140708,11.365996605339749
606,20140709,10.902390100287718
607,20140710,10.272841513089372
608,20140711,11.12987751447541
609,20140714,14.819599873872004
610,20140715,16.60193916531154
611,20140716,14.589471919872047
612,20140717,12.697668557040005
613,20140718,16.15038428544802
614,20140721,21.1429096367559
615,20140722,21.9936615932139
616,20140723,20.68831357745308
617,20140724,23.179424948016333
618,20140725,24.520954417451353
619,20140728,23.267039943676686
620,20140729,21.91420607498589
621,20140730,18.886087773088875
622,20140731,19.43397030456319
623,20140801,23.13855187244418
624,20140804,21.901573399085166
625,20140805,19.717783068974427
626,20140806,17.915401039438102
627,20140807,13.555073920094921
628,20140808,15.210627838265872
629,20140811,17.354386594779477
630,20140812,17.04413815626457
631,20140813,15.934802839407471
632,20140814,21.685901698709863
633,20140815,25.793414919563364
634,20140818,25.560283220507646
635,20140819,23.631169275746363
636,20140820,19.85707825727199
637,20140821,22.93421273315244
638,20140822,20.88610166555846
639,20140825,18.44292648283488
640,20140826,16.64762345964611
641,20140827,16.69766675525511
642,20140828,18.061800008662157
643,20140829,20.13540488246809
644,20140901,20.50651489405149
645,20140902,20.14777208828605
646,20140903,24.243944026268142
647,20140904,26.490876753080983
648,20140905,34.616375081285625
649,20140909,31.04279876974768
650,20140910,28.165519074507053
651,20140911,23.968707405141764
652,20140912,27.91236884758492
653,20140915,25.233645145517098
654,20140916,16.37461437480668
655,20140917,20.19131921095679
656,20140918,24.890175102502994
657,20140919,26.901092558326912
658,20140922,25.392730182045206
659,20140923,26.908544555766245
660,20140924,28.034425387689133
661,20140925,23.15796471765242
662,20140926,23.17761815247428
663,20140929,23.71528355271922
664,20140930,21.16217390009924
665,20141008,25.953695477385544
666,20141009,23.210367806545438
667,20141010,20.118018804284418
668,20141013,24.326261198847
669,20141014,19.742535173633645
670,20141015,18.97696789391078
671,20141016,16.877633603672095
672,20141017,19.284159104319578
673,20141020,15.716444702966468
674,20141021,16.24025575971577
675,20141022,14.935116901292815
676,20141023,14.014102400893734
677,20141024,14.730753010372723
678,20141027,17.788167834395054
679,20141028,17.81352358515698
680,20141029,16.596045339649514
681,20141030,17.75704670561408
682,20141031,16.062560440478364
683,20141103,14.978884484872143
684,20141104,15.237838529596806
685,20141105,14.256968704264356
686,20141106,15.082225569254515
687,20141107,11.3480266557945
688,20141110,14.687683382737934
689,20141111,21.413141720665003
690,20141112,21.208773076064155
691,20141113,19.057055305075593
692,20141114,20.350893800908096
693,20141117,23.115678989018598
694,20141118,27.26586270984134
695,20141119,17.727653337531777
696,20141120,25.860292544927535
697,20141121,34.84964312820395
698,20141124,61.110300817657674
699,20141125,57.54286318734309
700,20141126,79.98304610700735
701,20141127,96.40419418745441
702,20141128,76.29353485243278
703,20141201,64.03414710961016
704,20141202,104.44060676737223
705,20141203,81.20471883203314
706,20141204,84.8577119013525
707,20141205,173.00182338341529
708,20141208,163.24093943417722
709,20141209,143.1104381579953
710,20141210,112.76541187695045
711,20141211,59.58659725269639
712,20141212,58.36426803612922
713,20141215,64.53754113176737
714,20141216,89.25240736065965
715,20141217,108.83618596711324
716,20141218,71.97123075317059
717,20141219,63.61145749536994
718,20141222,96.05457034324778
719,20141223,55.338212526948325
720,20141224,34.81592437456872
721,20141225,50.48765813789255
722,20141226,71.76943727612303
723,20141229,92.6467737427486
724,20141230,94.11032533108386
725,20141231,95.60634172421952
726,20150105,103.61443688168207
727,20150106,94.30192344830962
728,20150107,77.57443455433685
729,20150108,50.70069382452913
730,20150109,53.88427736043698
731,20150112,50.39985097448386
732,20150113,45.67894674721191
733,20150114,40.539783928361466
734,20150115,57.34061904120014
735,20150116,64.48135775573206
736,20150119,43.455923952875054
737,20150120,56.042786539133765
738,20150121,70.05935643205503
739,20150122,73.79696379427651
740,20150123,75.29416141542437
741,20150126,63.75439002660484
742,20150127,75.1218942804876
743,20150128,57.11160687470732
744,20150129,53.34875135628712
745,20150130,38.36994437181852
746,20150202,31.567000044478448
747,20150203,43.63877860991227
748,20150204,38.11981807687693
749,20150205,35.62450746567308
750,20150206,47.115954439849325
751,20150209,64.20767204049153
752,20150210,58.882041998639025
753,20150211,65.15000433027504
754,20150212,61.104603665948495
755,20150213,43.276229631214214
756,20150216,41.54652031961206
757,20150217,41.377873450637736
758,20150225,33.406803268766225
759,20150226,34.62776412806439
760,20150227,30.491034393031164
761,20150302,26.16227142363217
762,20150303,24.384775163060027
763,20150304,26.854716157480958
764,20150305,30.906866493644294
765,20150306,27.135786338822413
766,20150309,22.723437375657017
767,20150310,24.070346713452448
768,20150311,26.030683868473226
769,20150312,27.626946381200447
770,20150313,24.66197169462
771,20150316,25.492554044854934
772,20150317,20.76439505806781
773,20150318,17.625296749173263
774,20150319,15.809422752802618
775,20150320,16.875156683019743
776,20150323,16.759670449455104
777,20150324,18.693868435339716
778,20150325,18.635133250310727
779,20150326,20.262304820706685
780,20150327,17.241353296329326
781,20150330,25.488727766005496
782,20150331,24.66798050133328
783,20150401,28.480061499901467
784,20150402,27.665002754477307
785,20150403,33.27910998635836
786,20150407,33.82301696490967
787,20150408,38.47661883952672
788,20150409,35.842868573743445
789,20150410,38.81636222022633
790,20150413,59.349319817773164
791,20150414,56.972168348424056
792,20150415,62.81968121188767
793,20150416,70.30810269571373
794,20150417,65.52089896873383
795,20150420,60.14299455312715
796,20150421,74.83624170144877
797,20150422,84.28879638927577
798,20150423,74.52444295686018
799,20150424,76.65046656078847
800,20150427,102.92250796769679
801,20150428,86.13216469836114
802,20150429,67.92176197110956
803,20150430,60.2883812175681
804,20150504,52.88880771354929
805,20150505,54.17698724275474
806,20150506,60.84034056201969
807,20150507,57.8386108322318
808,20150508,50.018449940900844
809,20150511,52.14851327252674
810,20150512,50.62397216857379
811,20150513,43.36534054933563
812,20150514,42.55195113116227
813,20150515,32.34078486208433
814,20150518,30.418956793286693
815,20150519,34.16528615106695
816,20150520,38.4494918112168
817,20150521,47.82819200859935
818,20150522,49.28702701217508
819,20150525,50.00132375564772
820,20150526,61.121568854342044
821,20150527,75.13169069349749
822,20150528,52.38785596885518
823,20150529,64.83520173564754
824,20150601,70.29716000571511
825,20150602,59.39555726804311
826,20150603,50.03105521682143
827,20150604,51.31481478397396
828,20150605,46.29429170206876
829,20150608,46.338746480274125
830,20150609,44.96027929256938
831,20150610,41.570677654269936
832,20150611,43.36295549493955
833,20150612,44.43239426496215
834,20150615,40.86099886626863
835,20150616,27.26181532227411
836,20150617,27.761642661730654
837,20150618,23.48229560351141
838,20150619,20.486581170431947
839,20150623,32.41989874973667
840,20150624,32.36723601084517
841,20150625,27.791694364114598
842,20150626,29.399408644964574
843,20150629,44.28928634832047
844,20150630,45.36921991123819
845,20150701,50.1107781895498
846,20150702,56.278236171309224
847,20150703,48.86696644652043
848,20150706,61.359721711352506
849,20150707,106.89045780061149
850,20150708,88.07546018810862
851,20150709,71.80091709516932
852,20150710,44.370372291905035
853,20150713,36.80828697365979
854,20150714,42.67802289818067
855,20150715,50.064037241052
856,20150716,45.49258942973813
857,20150717,41.8819303162042
858,20150720,43.18253638501797
859,20150721,39.09323049005867
860,20150722,40.74830310853753
861,20150723,35.47026302475754
862,20150724,33.42710503933863
863,20150727,30.00784941326624
864,20150728,34.65293325455802
865,20150729,35.41646076243843
866,20150730,33.99387403688966
867,20150731,43.57207782617342
868,20150803,65.74180885888975
869,20150804,56.67858158122013
870,20150805,54.27152765771312
871,20150806,56.919318772003955
872,20150807,52.13506426744526
873,20150810,49.8632365614428
874,20150811,41.513933370615604
875,20150812,34.429411221064356
876,20150813,32.74770818463425
877,20150814,29.20182662717483
878,20150817,29.988883239170477
879,20150818,30.228200849756362
880,20150819,32.66413809759686
881,20150820,32.12227011826886
882,20150821,34.66669646854841
883,20150824,24.76126207963055
884,20150825,38.835833089083046
885,20150826,55.2030673806965
886,20150827,67.85799568239625
887,20150828,49.621801006387756
888,20150831,50.820182511133666
889,20150901,34.72416457408991
890,20150902,45.45364662946288
891,20150907,33.244909283622924
892,20150908,38.99454971102095
893,20150909,30.193895191424737
894,20150910,35.0569263008701
895,20150911,31.393576599528775
896,20150914,49.13731546701824
897,20150915,43.149816567261155
898,20150916,39.41416298213196
899,20150917,31.835973050633953
900,20150918,31.157419936463562
901,20150921,29.426048257408983
902,20150922,30.9419272905892
903,20150923,30.7837218210988
904,20150924,29.50365422840203
905,20150925,29.092881777882717
906,20150928,28.928323880942305
907,20150929,30.870093111863206
908,20150930,32.92909745533146
909,20151008,28.39168149041847
910,20151009,26.296667892438773
911,20151012,23.48566575939151
912,20151013,22.156947988100036
913,20151014,21.468603322646366
914,20151015,23.22477579879455
915,20151016,24.19046381855884
916,20151019,22.871066399730946
917,20151020,21.290431106139295
918,20151021,22.04166275958718
919,20151022,20.81429731485254
920,20151023,19.22810006925024
921,20151026,21.398136622102207
922,20151027,21.139052255564202
923,20151028,21.036099880781585
924,20151029,23.47839458730939
925,20151030,21.079551475236833
926,20151102,20.057574506718286
927,20151103,21.000484181784827
928,20151104,22.3339849008565
929,20151105,20.172965373248623
930,20151106,25.825611523457642
931,20151109,24.09748635663521
932,20151110,21.153249961784073
933,20151111,20.32280953205002
934,20151112,19.662674251714932
935,20151113,22.572772622481466
936,20151116,22.674317469357206
937,20151117,21.282538552334046
938,20151118,18.803815795527356
939,20151119,19.108672385401114
940,20151120,18.959592142647644
941,20151123,19.974574226707414
942,20151124,19.822659798203233
943,20151125,17.877883453419365
944,20151126,17.177925581807223
945,20151127,19.082505676363027
946,20151130,18.820539582135904
947,20151201,19.620262625094544
948,20151202,20.04085358163566
949,20151203,20.8706019409599
950,20151204,22.66632573067318
951,20151207,22.692990716782155
952,20151208,20.175688980428717
953,20151209,24.41665810237046
954,20151210,20.03321371668327
955,20151211,20.59900076070201
956,20151214,17.955976343946737
957,20151215,18.70966421703138
958,20151216,17.115244841014146
959,20151217,16.848223689425282
960,20151218,16.848791736939347
961,20151221,20.153861849925605
962,20151222,18.239503403145306
963,20151223,19.75757485172924
964,20151224,20.112796248612483
965,20151225,21.45282056980973
966,20151228,19.495044112568188
967,20151229,18.417154861116224
968,20151230,19.300323992879264
969,20151231,17.791655414564797
970,20160104,15.518464409576225
971,20160105,15.683260028830375
972,20160106,13.51435646657005
973,20160107,14.466804344451916
974,20160108,14.286100668399035
975,20160111,16.612285136398366
976,20160112,17.474820905023066
977,20160113,19.105348458397806
978,20160114,20.346559784535664
979,20160115,22.35478723836374
980,20160118,22.096539829374017
981,20160119,21.502150893808633
982,20160120,21.497177719145736
983,20160121,21.90777962369273
984,20160122,22.534874342876613
985,20160125,20.087887788706514
986,20160126,19.254702468019467
987,20160127,19.821931538062064
988,20160128,20.969889504874267
989,20160129,23.645335639764635
990,20160201,25.204880888286596
991,20160202,24.506890973261655
992,20160203,23.389608359524075
993,20160204,21.94228969202092
994,20160205,20.227054110612254
995,20160215,21.465599567128685
996,20160216,19.682477437320223
997,20160217,16.991481925072684
998,20160218,16.236001086546445
999,20160219,16.732448707704698
1000,20160222,13.499012810702808
1001,20160223,15.326234981372476
1002,20160224,15.48866287285954
1003,20160225,18.545087500785346
1004,20160226,17.46454550595093
1005,20160229,17.775841016827215
1006,20160301,15.21406202018489
1007,20160302,14.883546511878137
1008,20160303,15.324066518856691
1009,20160304,18.49015654752008
1010,20160307,17.06093578429791
1011,20160308,15.803768706548066
1012,20160309,17.993676426400334
1013,20160310,17.908729958769975
1014,20160311,18.17903187376193
1015,20160314,16.037215098772414
1016,20160315,14.299265503798768
1017,20160316,14.732518307181467
1018,20160317,13.227160694582278
1019,20160318,12.698885448319306
1020,20160321,12.250317500011187
1021,20160322,12.864808995354611
1022,20160323,12.356923603141116
1023,20160324,14.727522956928851
1024,20160325,14.742139587793355
1025,20160328,15.741048855327163
1026,20160329,14.735866015726103
1027,20160330,13.586278525103811
1028,20160331,14.629165898755694
1029,20160401,12.820111885923282
1030,20160405,12.570734260747836
1031,20160406,15.551868491705934
1032,20160407,14.479764432179309
1033,20160408,14.252953117398635
1034,20160411,12.594895366013008
1035,20160412,12.932153533646128
1036,20160413,11.603664553637511
1037,20160414,12.094502284785364
1038,20160415,12.772010413519377
1039,20160418,13.55066147163722
1040,20160419,14.063658844177867
1041,20160420,15.215810483431698
1042,20160421,21.339825561728013
1043,20160422,25.33548279003945
1044,20160425,26.67519668280471
1045,20160426,23.927131882964296
1046,20160427,23.424834901530822
1047,20160428,23.035827736950296
1048,20160429,23.99132244620556
1049,20160503,22.923682250143315
1050,20160504,21.41757616405161
1051,20160505,20.614790673975797
1052,20160506,19.688469184524163
1053,20160509,23.693100603675326
1054,20160510,23.042998196907583
1055,20160511,22.35670340224012
1056,20160512,24.566734201710943
1057,20160513,23.744056983051777
1058,20160516,22.110033177451896
1059,20160517,20.70572827614589
1060,20160518,22.945356126687805
1061,20160519,23.08668897893204
1062,20160520,23.946557413278086
1063,20160523,21.85322866626838
1064,20160524,19.948645015193385
1065,20160525,21.469312461765405
1066,20160526,22.380935784845786
1067,20160527,21.999480509791134
1068,20160530,23.112338253472714
1069,20160531,22.797727033237248
1070,20160601,21.736483928678652
1071,20160602,22.143844885192053
1072,20160603,24.530850950987517
1073,20160606,21.35357469263581
1074,20160607,22.425380272496355
1075,20160608,20.308586123328677
1076,20160613,18.297361663113172
1077,20160614,20.1144212302063
1078,20160615,20.08995682884104
1079,20160616,18.505143800626254
1080,20160617,18.728517527736454
1081,20160620,18.06049912281145
1082,20160621,17.427763222492104
1083,20160622,17.457657630580407
1084,20160623,16.171382231001967
1085,20160624,15.09835733034675
1086,20160627,17.841075815541984
1087,20160628,17.49655344094433
1088,20160629,17.178697986311676
1089,20160630,18.231397193210103
1090,20160701,18.034205916053203
1091,20160704,20.023993711763033
1092,20160705,21.733449776045468
1093,20160706,27.67138603043599
1094,20160707,26.217480258073977
1095,20160708,23.696749818820766
1096,20160711,24.019433157551486
1097,20160712,31.540343420453333
1098,20160713,26.173819449397826
1099,20160714,25.2954843949166
1100,20160715,24.64250774945826
1101,20160718,25.987660255432814
1102,20160719,22.64539198790566
1103,20160720,22.87330423600142
1104,20160721,25.379142484449723
1105,20160722,21.920335843132627
1106,20160725,22.20405532669711
1107,20160726,28.999885547338376
1108,20160727,27.58137528505289
1109,20160728,30.679552464757734
1110,20160729,27.17247566871196
1111,20160801,25.47876780397857
1112,20160802,24.744401390499693
1113,20160803,24.72239720763281
1114,20160804,23.648985509085655
1115,20160805,23.339576267830545
1116,20160808,27.033757106199268
1117,20160809,26.349886572818356
1118,20160810,22.896855149884793
1119,20160811,22.03304654820615
1120,20160812,22.386769402956144
1121,20160815,23.127735742560233
1122,20160816,19.2778091150466
1123,20160817,20.671654258781096
1124,20160818,17.62940283777416
1125,20160819,19.6527239629826
1126,20160822,19.026909301330516
1127,20160823,19.18619441482657
1128,20160824,19.810624950026586
1129,20160825,16.636602848315725
1130,20160826,15.367447858893726
1131,20160829,14.814602123968033
1132,20160830,15.303514361987979
1133,20160831,15.790895240722742
1134,20160901,15.06561547597003
1135,20160902,14.23560642946956
1136,20160905,14.9612642679664
1137,20160906,14.338655419627308
1138,20160907,15.39996146909263
1139,20160908,15.149354899507296
1140,20160909,13.124634884550856
1141,20160912,11.14245148478161
1142,20160913,11.121982985819992
1143,20160914,10.824804516421402
1144,20160919,11.058472932234524
1145,20160920,10.043577942783024
1146,20160921,9.349085798017873
1147,20160922,9.902472393371088
1148,20160923,9.363471898465413
1149,20160926,8.70384714543844
1150,20160927,8.832215819365274
1151,20160928,8.993322524974952
1152,20160929,9.025513588326364
1153,20160930,10.063073009523466
1154,20161010,11.361280375380922
1155,20161011,11.881156475910831
1156,20161012,10.355566043195392
1157,20161013,10.813893966732806
1158,20161014,10.82990335461503
1159,20161017,11.013574183978843
1160,20161018,11.81091315534274
1161,20161019,13.159918105181488
1162,20161020,13.461830639462347
1163,20161021,14.50284890159557
1164,20161024,12.535135725511545
1165,20161025,12.02817862047397
1166,20161026,12.449829934280373
1167,20161027,13.467656621176179
1168,20161028,12.977891821112078
1169,20161031,13.902961161093009
1170,20161101,13.594869365641841
1171,20161102,12.875205560637108
1172,20161103,12.952050945358812
1173,20161104,12.54662008269477
1174,20161107,12.684726948480744
1175,20161108,13.680106490067818
1176,20161109,13.17719890520945
1177,20161110,14.679940775694618
1178,20161111,15.353568118258808
1179,20161114,14.035579407399355
1180,20161115,13.257541267028413
1181,20161116,12.880698020081523
1182,20161117,13.08786460729918
1183,20161118,12.31272156502128
1184,20161121,11.809033958502472
1185,20161122,11.172233743881844
1186,20161123,11.833483729369267
1187,20161124,16.181518727039556
1188,20161125,16.933508691650864
1189,20161128,12.906469156311115
1190,20161129,16.90717439623706
1191,20161130,16.099959274115637
1192,20161201,17.873991924233962
1193,20161202,14.74195889544701
1194,20161205,11.825419754452973
1195,20161206,11.66987151804582
1196,20161207,11.985246836036929
1197,20161208,13.800476112049804
1198,20161209,13.354488127269104
1199,20161212,11.862515038944219
1200,20161213,14.492778245216794
1201,20161214,14.225812678995176
1202,20161215,11.010175520034466
1203,20161216,12.177992750701119
1204,20161219,12.561526596591111
1205,20161220,11.991268125752985
1206,20161221,13.228312740685567
1207,20161222,13.733899974142858
1208,20161223,13.206397508303986
1209,20161226,13.962494717705365
1210,20161227,13.048869577040367
1211,20161228,13.095552044805519
1212,20161229,12.010215447306464
1213,20161230,12.898859126683307
1214,20170103,14.574277041396222
1215,20170104,18.465429406219307
1216,20170105,18.59497435364225
1217,20170106,20.61993629737767
1218,20170109,19.588531866288715
1219,20170110,19.20979319278744
1220,20170111,17.11961038641753
1221,20170112,18.120210120024588
1222,20170113,19.094696976140398
1223,20170116,18.828085248908767
1224,20170117,20.06610537920643
1225,20170118,20.959459967771274
1226,20170119,18.62693129118322
1227,20170120,18.532135183749887
1228,20170123,17.557557971431024
1229,20170124,21.077193693772525
1230,20170125,20.197543281084982
1231,20170126,18.19980518646365
1232,20170203,20.08377451031536
1233,20170206,18.384700053964796
1234,20170207,18.335691135774127
1235,20170208,17.640835693730757
1236,20170209,21.65035587469997
1237,20170210,20.953522413371722
1238,20170213,18.89663998960106
1239,20170214,19.885177734865913
1240,20170215,16.724651523419602
1241,20170216,16.60999315247896
1242,20170217,16.447036711631704
1243,20170220,18.487997488620735
1244,20170221,17.804801000570045
1245,20170222,22.467155043592356
1246,20170223,20.321426380803235
1247,20170224,17.612857831478877
1248,20170227,16.631322316603487
1249,20170228,16.996890091169995
1250,20170301,17.51520357215223
1251,20170302,18.285261131151316
1252,20170303,17.287861793955415
1253,20170306,15.879031929214754
1254,20170307,17.34375364898228
1255,20170308,17.337321971300106
1256,20170309,16.685490207482196
1257,20170310,17.519637670109766
1258,20170313,17.899681451840586
1259,20170314,21.09571136336535
1260,20170315,27.292347151429606
1261,20170316,25.502536107280395
1262,20170317,27.15091094813675
1263,20170320,28.844341371365324
1264,20170321,29.319882691332406
1265,20170322,31.312184564701226
1266,20170323,30.63022101104052
1267,20170324,25.691228011040288
1268,20170327,22.71877945040846
1269,20170328,23.83658688943668
1270,20170329,23.188604982898887
1271,20170330,21.220275423316693
1272,20170331,21.471386971071766
1273,20170405,24.671067992309275
1274,20170406,25.934146627513275
1275,20170407,26.037292592813227
1276,20170410,27.20685137874956
1277,20170411,24.400556031851163
1278,20170412,22.197904585312042
1279,20170413,25.412981471133403
1280,20170414,24.475236005333688
1281,20170417,22.87333472042084
1282,20170418,23.691387405599148
1283,20170419,23.930378219025478
1284,20170420,27.778786478612854
1285,20170421,25.168181480058898
1286,20170424,23.738706845623526
1287,20170425,23.511395874120296
1288,20170426,22.820405791288334
1289,20170427,22.54127730189027
1290,20170428,19.108228641981633
1291,20170502,18.10729850312613
1292,20170503,19.771004885581725
1293,20170504,20.097021939767096
1294,20170505,19.49055176557897
1295,20170508,19.474398018527207
1296,20170509,17.143679280788934
1297,20170510,17.240848631469913
1298,20170511,16.771712335868756
1299,20170512,14.631904547130931
1300,20170515,14.16824137443498
1301,20170516,16.169553652392445
1302,20170517,15.592347616008198
1303,20170518,17.004124241489883
1304,20170519,17.064096686551558
1305,20170522,17.4702716677781
1306,20170523,19.01810308805863
1307,20170524,17.97814771750023
1308,20170525,26.943801098410397
1309,20170526,22.08793383776701
1310,20170531,19.27021798319781
1311,20170601,20.354504053821124
1312,20170602,18.20325898500313
1313,20170605,18.082324786855956
1314,20170606,19.237021266836386
1315,20170607,19.394635908931086
1316,20170608,22.98620486073597
1317,20170609,23.970328498975537
1318,20170612,26.473747257309014
1319,20170613,29.03240150312204
1320,20170614,23.2495083435028
1321,20170615,23.014103607231426
1322,20170616,18.896345991316878
1323,20170619,19.741953764673905
1324,20170620,16.58857849513227
1325,20170621,19.99065302483485
1326,20170622,26.868052719674584
1327,20170623,28.47158434425179
1328,20170626,30.857693542009073
1329,20170627,45.51809977114487
1330,20170628,38.47978054100942
1331,20170629,41.138758363664195
1332,20170630,37.406314257796055
1333,20170703,32.85817484671809
1334,20170704,29.092701038724307
1335,20170705,37.59786883955029
1336,20170706,43.3905606623284
1337,20170707,36.4715676916771
1338,20170710,30.561940233830423
1339,20170711,35.87284560668054
1340,20170712,36.23179088302487
1341,20170713,37.64797321717404
1342,20170714,42.13304081857873
1343,20170717,36.45477466823645
1344,20170718,28.210650008874904
1345,20170719,33.421146954020216
1346,20170720,32.1554509082196
1347,20170721,30.159751459299947
1348,20170724,34.39799853978804
1349,20170725,31.992810613617692
1350,20170726,31.725236075018042
1351,20170727,32.855013411489686
1352,20170728,31.690636602818735
1353,20170731,30.701772925795602
1354,20170801,34.15947394899392
1355,20170802,38.804748723147455
1356,20170803,32.08290060877242
1357,20170804,28.654590127740708
1358,20170807,29.12089537346811
1359,20170808,29.070990148425246
1360,20170809,22.331940061459523
1361,20170810,23.464892661154316
1362,20170811,19.37628269095378
1363,20170814,18.46084808725763
1364,20170815,17.88236221270732
1365,20170816,16.770991175532266
1366,20170817,17.179551695189218
1367,20170818,17.60770192577974
1368,20170821,17.86042754938841
1369,20170822,19.39869131260162
1370,20170823,21.484592119825194
1371,20170824,23.038599121063555
1372,20170825,28.36774543891363
1373,20170828,24.694678275144888
1374,20170829,25.07680809972666
1375,20170830,25.074058593300904
1376,20170831,20.23846541535049
1377,20170901,19.554385598854132
1378,20170904,16.94070885802272
1379,20170905,18.782785185303176
1380,20170906,18.746537419855883
1381,20170907,18.504321589936275
1382,20170908,18.131445726928185
1383,20170911,17.626945800283448
1384,20170912,18.945519492465117
1385,20170913,22.92647112100031
1386,20170914,27.717620810591455
1387,20170915,21.37026728089531
1388,20170918,17.086027137149614
1389,20170919,19.289660611021358
1390,20170920,20.36772757453369
1391,20170921,21.81983922705474
1392,20170922,21.65700747401162
1393,20170925,24.977488581602135
1394,20170926,22.607124389608614
1395,20170927,23.631945540565813
1396,20170928,27.215153055112477
1397,20170929,22.28784089357059
1398,20171009,19.05222883569089
1399,20171010,18.155008659675733
1400,20171011,19.079230234210044
1401,20171012,17.448497167906552
1402,20171013,17.148566471250767
1403,20171016,16.685653121506355
1404,20171017,17.250026388963036
1405,20171018,17.280106486451512
1406,20171019,20.881888479653927
1407,20171020,25.54561757339528
1408,20171023,26.353522169211466
1409,20171024,24.51252457084749
1410,20171025,28.892159074967246
1411,20171026,30.348325680745212
1412,20171027,37.62732364837653
1413,20171030,28.99780244386006
1414,20171031,34.27642458444957
1415,20171101,40.227643102338945
1416,20171102,42.179403484422025
1417,20171103,49.934758249467095
1418,20171106,66.77304269265932
1419,20171107,46.20209395057094
1420,20171108,41.42503269389968
1421,20171109,43.61451042771998
1422,20171110,48.794135908517724
1423,20171113,50.14738837667769
1424,20171114,51.69102933898738
1425,20171115,48.82679956140316
1426,20171116,68.06386708103815
1427,20171117,61.49167561581613
1428,20171120,65.18577633054257
1429,20171121,60.64395597707315
1430,20171122,45.221989623544346
1431,20171123,45.520303803667744
1432,20171124,41.527028239534246
1433,20171127,34.808449918370016
1434,20171128,48.26672441403396
1435,20171129,60.48065216916639
1436,20171130,53.607727301911865
1437,20171201,43.514296389393685
1438,20171204,47.38794805470903
1439,20171205,44.390555988782594
1440,20171206,35.59975901362681
1441,20171207,27.799225711357213
1442,20171208,30.638753823172305
1443,20171211,33.75186701495808
1444,20171212,30.995914632673433
1445,20171213,30.221722650817288
1446,20171214,30.94877219004188
1447,20171215,24.288503221620406
1448,20171218,27.329684202411
1449,20171219,29.38417979613159
1450,20171220,31.12717800799102
1451,20171221,33.158067425938796
1452,20171222,32.325607026102126
1453,20171225,29.924968250610384
1454,20171226,28.99855221463081
1455,20171227,24.497871767953605
1456,20171228,36.66691295035383
1457,20171229,27.4411620711499
1458,20180102,40.60131699529623
1459,20180103,42.84960328512187
1460,20180104,49.63280931994562
1461,20180105,50.0759326249858
1462,20180108,54.4947051953396
1463,20180109,54.38589974645075
1464,20180110,47.00553773513762
1465,20180111,38.01205939083071
1466,20180112,41.58253339751855
1467,20180115,48.07739032152241
1468,20180116,48.66750346909141
1469,20180117,43.49218560983508
1470,20180118,57.60259061445525
1471,20180119,64.61561498808183
1472,20180122,45.85865690440103
1473,20180123,50.99617470299192
1474,20180124,51.75929573710866
1475,20180125,55.49865151649093
1476,20180126,48.86773864033142
1477,20180129,57.48696917315271
1478,20180130,44.475560671206296
1479,20180131,45.582276103133246
1480,20180201,49.05623843192035
1481,20180202,54.44438772406737
1482,20180205,74.53402407223518
1483,20180206,75.94347466111904
1484,20180207,48.67897043552083
1485,20180208,36.92386558522091
1486,20180209,28.512410045843747
1487,20180212,27.277569781535522
1488,20180213,28.545457368084566
1489,20180214,31.591260694635256
1490,20180222,40.5608149845352
1491,20180223,39.09979551550323
1492,20180226,42.973542714698844
1493,20180227,28.19228383309384
1494,20180228,26.632930211838868
1495,20180301,29.108050466844162
1496,20180302,26.436732436387807
1497,20180305,20.860851593823508
1498,20180306,22.55189012488023
1499,20180307,19.00961039924583
1500,20180308,22.378348194829815
1501,20180309,23.189164386760822
1502,20180312,30.034888750955812
1503,20180313,32.72140877544204
1504,20180314,39.058849764485956
1505,20180315,42.68171072530855
1506,20180316,43.016026196588584
1507,20180319,46.3041041733002
1508,20180320,49.16853001496126
1509,20180321,40.99809901634222
1510,20180322,40.06080478291403
1511,20180323,42.415959862405145
1512,20180326,62.26390649286601
1513,20180327,60.12532738904578
1514,20180328,44.95249502408858
1515,20180329,39.529799310055424
1516,20180330,60.21648170049133
1517,20180402,50.2712922226778
1518,20180403,53.41445513097599
1519,20180404,42.231210650507116
1520,20180409,37.02648414497786
1521,20180410,35.910458822813325
1522,20180411,38.63853020395905
1523,20180412,44.13278055378904
1524,20180413,28.81792763778609
1525,20180416,41.650818141759856
1526,20180417,35.84120644401912
1527,20180418,40.59493780103735
1528,20180419,38.89157125575419
1529,20180420,42.8788777622919
1530,20180423,42.66308662337998
1531,20180424,39.47398240911197
1532,20180425,48.009309100815315
1533,20180426,35.672499299745915
1534,20180427,35.503964960466945
1535,20180502,29.93064919656092
1536,20180503,30.810978832266734
1537,20180504,32.66696083445838
1538,20180507,33.62479621950502
1539,20180508,32.29997265846663
1540,20180509,32.70828931595027
1541,20180510,47.585445824429996
1542,20180511,36.19359117138173
1543,20180514,33.563472048730716
1544,20180515,38.79172863534592
1545,20180516,39.50049534809939
1546,20180517,34.39535999147387
1547,20180518,38.51202833075388
1548,20180521,35.921068133664235
1549,20180522,47.148415137862
1550,20180523,46.70514151895735
1551,20180524,46.34117883859965
1552,20180525,57.13134800812564
1553,20180528,71.98994195239545
1554,20180529,46.433164805640146
1555,20180530,55.316793483573
1556,20180531,54.740616016621445
1557,20180601,44.4042018837433
1558,20180604,43.252527834845885
1559,20180605,61.20339700860105
1560,20180606,75.0635122215395
1561,20180607,69.07579143626256
1562,20180608,67.59556281370496
1563,20180611,50.08264689918904
1564,20180612,51.71762459496641
1565,20180613,44.2368994838668
1566,20180614,41.4787320813189
1567,20180615,37.538818650607595
1568,20180619,36.932085876034606
1569,20180620,46.38378800851129
1570,20180621,43.23044340682734
1571,20180622,46.56755638972775
1572,20180625,52.31807238376071
1573,20180626,57.41095188941122
1574,20180627,49.34740777514804
1575,20180628,37.116650353910615
1576,20180629,41.87160877344113
1577,20180702,45.349831367668514
1578,20180703,36.816564833783566
1579,20180704,29.698877112499847
1580,20180705,23.684134009210737
1581,20180706,24.886445592633933
1582,20180709,25.23802653337803
1583,20180710,26.803481755299345
1584,20180711,26.239114204175713
1585,20180712,28.29334820836169
1586,20180713,28.656482760942776
1587,20180716,29.276920237253915
1588,20180717,26.943087680920776
1589,20180718,29.010044595270905
1590,20180719,25.453988354181657
1591,20180720,20.82143922955923
1592,20180723,18.689853058285415
1593,20180724,28.39121036967647
1594,20180725,26.08347332989691
1595,20180726,21.06257593128216
1596,20180727,23.075962234048546
1597,20180730,29.278016127824078
1598,20180731,23.869475420046136
1599,20180801,21.075354484974067
1600,20180802,26.590340943127202
1601,20180803,22.202739504017167
1602,20180806,23.332876460694898
1603,20180807,28.235504058711705
1604,20180808,29.5542392827537
1605,20180809,26.007497424023178
1606,20180810,28.33126110491085
1607,20180813,28.59020189285029
1608,20180814,28.868519763914037
1609,20180815,21.75762651925091
1610,20180816,23.89235873365207
1611,20180817,19.64155572344852
1612,20180820,22.357911736769317
1613,20180821,23.416365310355623
1614,20180822,23.267517509802133
1615,20180823,22.653454738972012
1616,20180824,23.87748510407624
1617,20180827,24.92726380860028
1618,20180828,24.49211203789457
1619,20180829,24.632727492395958
1620,20180830,21.070059477307325
1621,20180831,20.740699517138015
1622,20180903,19.53370594357205
1623,20180904,20.457878164678206
1624,20180905,18.601184916824337
1625,20180906,17.38292580184897
1626,20180907,18.570912318807295
1627,20180910,17.442717359634187
1628,20180911,20.69222931213153
1629,20180912,19.079339419608402
1630,20180913,21.710521920548675
1631,20180914,19.417292059068078
1632,20180917,20.16448505551608
1633,20180918,20.596408252228194
1634,20180919,20.323448385533652
1635,20180920,20.610966952861414
1636,20180921,26.25676986706592
1637,20180925,21.261758718344545
1638,20180926,20.968381206478234
1639,20180927,21.053164253238933
1640,20180928,19.72292359765536
1641,20181008,19.525856800674994
1642,20181009,18.167122530987406
1643,20181010,20.870674306410386
1644,20181011,17.896217564508454
1645,20181012,23.196125402959435
1646,20181015,23.38428908657567
1647,20181016,24.47666145658459
1648,20181017,22.263546471773147
1649,20181018,19.191166559892316
1650,20181019,22.212541924089074
1651,20181022,19.800173168661317
1652,20181023,16.774026253038752
1653,20181024,19.395203499701797
1654,20181025,19.998967765543938
1655,20181026,23.028948390303945
1656,20181029,25.107502130468262
1657,20181030,31.856586410043832
1658,20181031,30.591661358418715
1659,20181101,25.989251664194306
1660,20181102,27.805813258971817
1661,20181105,29.089575761176917
1662,20181106,29.962647527445903
1663,20181107,28.062452469813415
1664,20181108,29.557742378705605
1665,20181109,23.284527008640367
1666,20181112,26.417313088337423
1667,20181113,22.03037712237721
1668,20181114,23.389269390504065
1669,20181115,23.20994848774083
1670,20181116,20.082376178506554
1671,20181119,21.914039788232202
1672,20181120,19.930059822178364
1673,20181121,21.11277506672326
1674,20181122,18.897649887342702
1675,20181123,18.740315745593787
1676,20181126,21.31940775465102
1677,20181127,20.910477710398926
1678,20181128,22.707410107397322
1679,20181129,22.930343703719714
1680,20181130,24.055549448104507
1681,20181203,24.22871809721216
1682,20181204,25.96609369962797
1683,20181205,24.825299786525747
1684,20181206,19.207511134017217
1685,20181207,15.295468195997648
1686,20181210,16.669044415682517
1687,20181211,16.665620000899853
1688,20181212,14.550690706292102
1689,20181213,15.701873482782233
1690,20181214,13.889721620505686
1691,20181217,12.636382494693635
1692,20181218,11.000263838795314
1693,20181219,8.32308963993153
1694,20181220,8.638138798878451
1695,20181221,10.167634721123804
1696,20181224,9.721583664735956
1697,20181225,12.936746939625564
1698,20181226,18.310497630305377
1699,20181227,25.161942331685204
1700,20181228,25.53677474410161
1701,20190102,23.15794111310757
1702,20190103,21.141111177986858
1703,20190104,20.42759261488441
1704,20190107,19.75842897398023
1705,20190108,18.293692001120114
1706,20190109,14.411652626017808
1707,20190110,13.299066283723374
1708,20190111,13.439041403565941
1709,20190114,13.644460701367414
1710,20190115,17.524451815175023
1711,20190116,14.397802597278837
1712,20190117,16.850896171936828
1713,20190118,19.272048956591817
1714,20190121,15.515750009162499
1715,20190122,15.936082208911728
1716,20190123,16.069354184814248
1717,20190124,14.369094655537717
1718,20190125,14.797202047516102
1719,20190128,19.03378737352129
1720,20190129,16.966469773349292
1721,20190130,15.2279133545316
1722,20190131,14.531869149417775
1723,20190201,13.834672005112346
1724,20190211,18.175794946642476
1725,20190212,18.6246706158235
1726,20190213,18.05606303773941
1727,20190214,18.71684421576919
1728,20190215,20.453810480526357
1729,20190218,20.483858756706727
1730,20190219,19.26760269045967
1731,20190220,16.720027208068764
1732,20190221,15.982600596819944
1733,20190222,21.694789269896845
1734,20190225,25.248788955403903
1735,20190226,23.66311880381089
1736,20190227,23.548637289556734
1737,20190228,25.060675886173765
1738,20190301,34.21629904795451
1739,20190304,31.22468682480125
1740,20190305,31.58362513651974
1741,20190306,32.625770107264145
1742,20190307,34.845350563292996
1743,20190308,34.91018859285896
1744,20190311,34.75513542638148
1745,20190312,30.00444970686044
1746,20190313,36.70055423365697
1747,20190314,38.27550163825947
1748,20190315,41.074261584764756
1749,20190318,44.848146593270194
1750,20190319,36.60327062718092
1751,20190320,40.26790686396912
1752,20190321,42.257722591251515
1753,20190322,40.835327916671474
1754,20190325,34.37855486903207
1755,20190326,32.59985354398949
1756,20190327,40.81541137433533
1757,20190328,45.47188454834778
1758,20190329,56.2828527936057
1759,20190401,55.353644241337506
1760,20190402,58.63649531742512
1761,20190403,70.29001947034163
1762,20190404,66.92117197870702
1763,20190408,80.60365891579399
1764,20190409,64.85442165184944
1765,20190410,68.05544462506663
1766,20190411,58.096176657661914
1767,20190412,54.353352844411205
1768,20190415,51.51965035127303
1769,20190416,55.9416263258708
1770,20190417,49.14000119723083
1771,20190418,49.03392024382495
1772,20190419,51.30699845068423
1773,20190422,48.49236288791368
1774,20190423,54.58630808635057
1775,20190424,54.258589319497545
1776,20190425,49.67780977760814
1777,20190426,51.806356585692214
1778,20190429,54.183566060898144
1779,20190430,47.168214285909265
1780,20190506,36.09160768006059
1781,20190507,33.67540201787719
1782,20190508,31.513589272479713
1783,20190509,26.93353970842788
1784,20190510,32.25492290757204
1785,20190513,31.425824093647947
1786,20190514,30.518438914728847
1787,20190515,36.34913342264723
1788,20190516,36.03083722104384
1789,20190517,31.06555589751849
1790,20190520,29.623380590081503
1791,20190521,31.28251281607454
1792,20190522,30.435021246123178
1793,20190523,30.430158886104838
1794,20190524,32.20530726095634
1795,20190527,30.416607109665584
1796,20190528,28.071483790007242
1797,20190529,32.30747060780976
1798,20190530,30.59045443857405
1799,20190531,29.236148994376613
1800,20190603,27.248077617044117
1801,20190604,23.717152596418376
1802,20190605,24.945247392817354
1803,20190606,24.533152998721
1804,20190610,26.515630938333935
1805,20190611,32.24290088276918
1806,20190612,30.670629380003408
1807,20190613,29.519530942783515
1808,20190614,30.573016563897394
1809,20190617,30.164398204442488
1810,20190618,29.835302434403896
1811,20190619,31.829280977070177
1812,20190620,41.96746853403388
1813,20190621,38.208030810841336
1814,20190624,38.54404698813592
1815,20190625,33.0502534134447
1816,20190626,30.448624099441837
1817,20190627,34.469368282562726
1818,20190628,34.94886450495733
1819,20190701,40.3730403165936
1820,20190702,35.63153619541286
1821,20190703,30.179269452910074
1822,20190704,31.71540666494658
1823,20190705,34.36380831190512
1824,20190708,30.38545039979505
1825,20190709,30.37712185356711
1826,20190710,29.81179694883605
1827,20190711,29.54622397991365
1828,20190712,31.769704027103113
1829,20190715,29.404019530309604
1830,20190716,27.710285461996
1831,20190717,26.164513565218122
1832,20190718,25.824044807291052
1833,20190719,29.762809444228765
1834,20190722,29.402926137786515
1835,20190723,26.193754097478905
1836,20190724,26.602567041259206
1837,20190725,31.27965395265711
1838,20190726,30.09999625868067
1839,20190729,26.182041950924212
1840,20190730,25.30407442074883
1841,20190731,24.18098620582304
1842,20190801,23.244552182527855
1843,20190802,22.045137502230162
1844,20190805,21.395045192704977
1845,20190806,21.14843781303201
1846,20190807,20.755936797064578
1847,20190808,22.392393862975943
1848,20190809,20.87101685712632
1849,20190812,25.311050906540142
1850,20190813,26.27270803707279
1851,20190814,29.021774910360975
1852,20190815,28.219149472528898
1853,20190816,29.59688834149115
1854,20190819,32.04577363494154
1855,20190820,33.42901683309986
1856,20190821,32.31980059444926
1857,20190822,39.75462399954786
1858,20190823,42.99942072177399
1859,20190826,41.017844136899754
1860,20190827,40.180895766912485
1861,20190828,40.72572757874105
1862,20190829,45.87990747788031
1863,20190830,52.84308423475635
1864,20190902,47.38959101386922
1865,20190903,45.69061979051722
1866,20190904,38.0246300744215
1867,20190905,37.90279837750587
1868,20190906,36.872284192441775
1869,20190909,35.99550745206501
1870,20190910,38.31113516915517
1871,20190911,30.78584011351775
1872,20190912,34.79327552761183
1873,20190916,36.358942326909954
1874,20190917,34.42273029979755
1875,20190918,40.63303496613044
1876,20190919,41.488730623270385
1877,20190920,44.768035984661466
1878,20190923,46.1496092428428
1879,20190924,54.73299856926717
1880,20190925,50.17992271824231
1881,20190926,38.67009209190863
1882,20190927,40.64515550259392
1883,20190930,36.163150488525574
1884,20191008,36.0394556199289
1885,20191009,30.88719607491218
1886,20191010,36.587013502152374
1887,20191011,32.810742076121144
1888,20191014,31.027513441642395
1889,20191015,39.41550180865277
1890,20191016,34.87904245315849
1891,20191017,34.57864594838141
1892,20191018,33.5301316253458
1893,20191021,32.20657375307944
1894,20191022,34.1834853585182
1895,20191023,32.22373462348295
1896,20191024,28.361373393075148
1897,20191025,39.19494599975383
1898,20191028,47.987312465786715
1899,20191029,47.76173846301757
1900,20191030,50.594812876087005
1901,20191031,51.578889085875076
1902,20191101,45.67189367172513
1903,20191104,43.69317603118236
1904,20191105,41.51520857589948
1905,20191106,40.33165073454366
1906,20191107,35.14649862665303
1907,20191108,38.38542734900244
1908,20191111,38.41937427974704
1909,20191112,39.27734946570387
1910,20191113,41.76820553816819
1911,20191114,47.03483354038799
1912,20191115,43.17278378745124
1913,20191118,41.992778664254296
1914,20191119,43.46794945799118
1915,20191120,44.14508888195429
1916,20191121,37.39417434271691
1917,20191122,30.639738015799825
1918,20191125,30.83388129500373
1919,20191126,31.940730496501107
1920,20191127,29.71472775000385
1921,20191128,29.367131428845973
1922,20191129,24.202590827927217
1923,20191202,24.94184689427203
1924,20191203,23.994810369542243
1925,20191204,23.774103739205607
1926,20191205,25.817672623554117
1927,20191206,25.97826905761057
1928,20191209,28.282462607462485
1929,20191210,29.185036647176755
1930,20191211,31.595356376182202
1931,20191212,27.161563143733478
1932,20191213,29.026665536360408
1933,20191216,28.245246939754683
1934,20191217,24.181497310724453
1935,20191218,21.61458788657606
1936,20191219,22.233874363497907
1937,20191220,22.433299547291256
1938,20191223,28.4854181196569
1939,20191224,28.344352984776414
1940,20191225,32.91485246174146
1941,20191226,41.46623052058091
1942,20191227,36.08823448471744
1943,20191230,38.26766674718422
1944,20191231,49.06455473331271
1945,20200102,59.09069130534926
1946,20200103,58.23975702010422
1947,20200106,43.43651759781228
1948,20200107,42.193728877644226
1949,20200108,36.40038497479523
1950,20200109,43.391925713508726
1951,20200110,44.319535257280975
1952,20200113,39.26678114901063
1953,20200114,39.64351661191107
1954,20200115,36.19743946073396
1955,20200116,34.10881343598125
1956,20200117,39.26733114032522
1957,20200120,43.69109719223164
1958,20200121,36.19494824333982
1959,20200122,37.368811714626574
1960,20200123,29.507312684602923
1961,20200203,27.55714605850278
1962,20200204,28.027972184920195
1963,20200205,30.629891809647035
1964,20200206,30.28138750862923
1965,20200207,28.03963494574657
1966,20200210,36.66640445723504
1967,20200211,33.97315176499761
1968,20200212,39.287786347547936
1969,20200213,40.90831973660228
1970,20200214,40.5892297760948
1971,20200217,44.07296617941324
1972,20200218,37.04608090583895
1973,20200219,35.78740543841796
1974,20200220,33.960618502410384
1975,20200221,35.91886334359088
1976,20200224,43.42315870240841
1977,20200225,41.150697189328035
1978,20200226,44.51941166042754
1979,20200227,56.10725092278109
1980,20200228,53.89572412991696
1981,20200302,93.00409682693196
1982,20200303,75.27149924797737
1983,20200304,74.63870753644858
1984,20200305,55.13840133994025
1985,20200306,45.331228489664
1986,20200309,38.379153127400855
1987,20200310,48.406013567244685
1988,20200311,41.45893988379006
1989,20200312,41.61033215939827
1990,20200313,41.475441870186955
1991,20200316,37.166289169057386
1992,20200317,36.43400294621989
1993,20200318,41.51466093980552
1994,20200319,47.80431751310001
1995,20200320,45.446237658402225
1996,20200323,44.69237297349849
1997,20200324,47.93649714081334
1998,20200325,43.20990820650329
1999,20200326,39.30171120625796
2000,20200327,45.67550953100972
2001,20200330,48.97777398752211
2002,20200331,44.775167575601486
2003,20200401,44.50537172756118
2004,20200402,42.070537037421495
2005,20200403,47.084498409264796
2006,20200407,54.148490058780354
2007,20200408,53.3700649675423
2008,20200409,53.75253950360614
2009,20200410,55.05945053238654
2010,20200413,59.618649826249026
2011,20200414,54.79273390047007
2012,20200415,50.72092948037211
2013,20200416,53.07718762631971
2014,20200417,46.246549171312516
2015,20200420,45.48794648549869
2016,20200421,44.05084707527453
2017,20200422,48.17793039706496
2018,20200423,43.363950204892845
2019,20200424,45.253651488237864
2020,20200427,39.70672007281426
2021,20200428,37.95366578700744
2022,20200429,36.978856224390796
2023,20200430,35.2102185733732
2024,20200506,34.78360907844296
2025,20200507,39.752410148476926
2026,20200508,35.84092135054952
2027,20200511,44.432735161785274
2028,20200512,42.076959217350314
2029,20200513,40.883489438694994
2030,20200514,36.99323415642402
2031,20200515,37.05331932785156
2032,20200518,40.83329484896875
2033,20200519,35.93419707186217
2034,20200520,33.1680954317944
2035,20200521,33.49796828457483
2036,20200522,34.898780505565725
2037,20200525,45.85970757690799
2038,20200526,39.9344849386042
2039,20200527,38.996819472049474
2040,20200528,38.06651546698298
2041,20200529,42.61320763317903
2042,20200601,44.744921340112995
2043,20200602,39.82314032935605
2044,20200603,33.38461535775038
2045,20200604,33.82725962594745
2046,20200605,35.7225303469486
2047,20200608,30.219138025601694
2048,20200609,30.44677914088919
2049,20200610,30.80932449812869
2050,20200611,31.997872182174248
2051,20200612,35.23034225660476
2052,20200615,33.54483541312183
2053,20200616,35.179287770016494
2054,20200617,38.40377822254924
2055,20200618,38.17584462432391
2056,20200619,46.57892835556818
2057,20200622,49.82992447680377
2058,20200623,58.665115324992286
2059,20200624,47.989289037930966
2060,20200629,52.678578915905746
2061,20200630,51.24435172601527
2062,20200701,40.053782856135655
2063,20200702,45.00526872842454
2064,20200703,36.03816213095911
2065,20200706,32.968567932843115
2066,20200707,47.16575854258443
2067,20200708,54.51116172153982
2068,20200709,69.00728344558871
2069,20200710,70.94571440363156
2070,20200713,77.40130187232361
2071,20200714,73.01954554509084
2072,20200715,74.82754899294105
2073,20200716,42.96918948756932
2074,20200717,41.91777863871886
2075,20200720,36.91684963383895
2076,20200721,43.845363681380064
2077,20200722,44.81589099747759
2078,20200723,46.51189689640383
2079,20200724,37.276128598731745
2080,20200727,41.91960644555719
2081,20200728,48.56950861071974
2082,20200729,45.802223564318666
2083,20200730,49.91403491627105
2084,20200731,49.015993747198436
2085,20200803,48.279156606786714
2086,20200804,43.538282030753805
2087,20200805,44.705977158666364
2088,20200806,43.31270205810067
2089,20200807,38.50753232863223
2090,20200810,44.18860920401827
2091,20200811,38.85282357003071
2092,20200812,37.839405918539576
2093,20200813,40.03453473740266
2094,20200814,53.47995079644436
2095,20200817,67.56935561518546
2096,20200818,78.16919792601345
2097,20200819,55.910576269112944
2098,20200820,45.36419918277605
2099,20200821,48.36352001413255
2100,20200824,45.06650239381083
2101,20200825,43.86683779823062
2102,20200826,42.4867668369091
2103,20200827,42.14317081013978
2104,20200828,46.387332688543026
2105,20200831,48.93120530334433
2106,20200901,52.848912933349894
2107,20200902,47.78349526211518
2108,20200903,44.68583786197324
2109,20200904,41.391388531235336
2110,20200907,34.64970719499772
2111,20200908,33.91380149160275
2112,20200909,33.21270306071412
2113,20200910,37.35921595304795
2114,20200911,39.89529004772472
2115,20200914,42.833164108496355
2116,20200915,39.49425854876765
2117,20200916,35.732187431612715
2118,20200917,34.538541678695196
2119,20200918,42.489358470588506
2120,20200921,36.77751290857347
2121,20200922,34.72723953405344
2122,20200923,33.01169684048155
2123,20200924,33.558161502731934
2124,20200925,31.812457818455666
2125,20200928,32.7728675641078
2126,20200929,34.02947484504431
2127,20200930,34.64156725841934
2128,20201009,38.20775510182139
2129,20201012,44.66965211899312
2130,20201013,45.93465073656267
2131,20201014,45.70663785296766
2132,20201015,46.275886245038954
2133,20201016,51.24807118356163
2134,20201019,50.9427916567886
2135,20201020,49.63497707604809
2136,20201021,55.222122571230244
2137,20201022,51.24377112404627
2138,20201023,42.836207549556306
2139,20201026,41.79659896255413
2140,20201027,44.691053332919054
2141,20201028,47.090642457948064
2142,20201029,47.96905688813243
2143,20201030,44.23276237485645
2144,20201102,45.06950578642794
2145,20201103,42.083143764557654
2146,20201104,48.108893114329916
2147,20201105,58.15672211523194
2148,20201106,59.1314318520857
2149,20201109,61.0963619388384
2150,20201110,54.56369672353936
2151,20201111,55.2558246970748
2152,20201112,53.9369218574896
2153,20201113,49.406225074982984
2154,20201116,47.23191616286321
2155,20201117,50.39673576642254
2156,20201118,48.66560063167087
2157,20201119,46.22791787443412
2158,20201120,55.9868952966414
2159,20201123,56.29640976295685
2160,20201124,49.63028225663447
2161,20201125,46.205843962973724
2162,20201126,46.72249636178005
2163,20201127,56.309061861002704
2164,20201130,47.19543576165893
2165,20201201,58.03655043049034
2166,20201202,59.72918747325791
2167,20201203,55.07606926670327
2168,20201204,52.46753551375797
2169,20201207,51.02994463286588
2170,20201208,51.82628779264153
2171,20201209,47.745175395646996
2172,20201210,47.873742011562356
2173,20201211,53.23919117422096
2174,20201214,54.669257562900704
2175,20201215,62.038890310848885
2176,20201216,66.71959129059378
2177,20201217,92.22617788685848
2178,20201218,86.1913816792292
2179,20201221,91.48805071878402
2180,20201222,91.55108711513836
2181,20201223,101.6916920695165
2182,20201224,112.7935271558249
2183,20201225,157.58834150308024
2184,20201228,127.54499406915716
2185,20201229,93.69888248913597
2186,20201230,113.7544152458548
2187,20201231,99.86624610129289
2188,20210104,92.51168092584007
2189,20210105,118.63161472334666
2190,20210106,83.69113563414265
2191,20210107,110.47483588785067
2192,20210108,94.49089892702062
2193,20210111,102.34322276329881
2194,20210112,125.10491570945788
2195,20210113,101.53874383228523
2196,20210114,77.79294316685787
2197,20210115,82.40964140538162
2198,20210118,84.14760423615832
2199,20210119,70.48779837444027
2200,20210120,74.3480625835894
2201,20210121,89.92036275831546
2202,20210122,92.56199343329376
2203,20210125,92.38735688106026
2204,20210126,81.63501958212163
2205,20210127,82.50931559850315
2206,20210128,73.8424707708715
2207,20210129,77.28738895942655
2208,20210201,82.45094402676428
2209,20210202,82.06571374188465
2210,20210203,94.42912625577729
2211,20210204,123.09317061999027
2212,20210205,104.21430441022389
2213,20210208,120.72503302083908
2214,20210209,132.90998602503043
2215,20210210,168.80822011000464
2216,20210218,130.32070171160927
2217,20210219,105.68246203855229
2218,20210222,83.98205610764384
2219,20210223,91.02564397453204
2220,20210224,66.58851483876607
2221,20210225,61.12241255934443
2222,20210226,51.23126154381061
2223,20210301,65.1965098730556
2224,20210302,53.22052045592076
2225,20210303,52.534994886986425
2226,20210304,45.62551674592942
2227,20210305,50.266837920664244
2228,20210308,46.45144153485916
2229,20210309,36.985710142317046
2230,20210310,42.23692533794184
2231,20210311,48.943478426706356
2232,20210312,51.078645949954876
2233,20210315,53.214282629970725
2234,20210316,61.013034575133865
2235,20210317,56.846964858680934
2236,20210318,61.13662501583215
2237,20210319,49.06826868425736
2238,20210322,51.150662272153454
2239,20210323,50.493702421380746
2240,20210324,49.33838520625015
2241,20210325,40.8293048035096
2242,20210326,35.9277643457057
2243,20210329,39.44622959069511
2244,20210330,37.62116461744924
2245,20210331,35.74604024696869
2246,20210401,34.56387621605247
2247,20210402,53.29306305887589
2248,20210406,48.89361966642301
2249,20210407,38.488452147079954
2250,20210408,36.102727306182416
2251,20210409,34.505664715646446
2252,20210412,39.97060834033327
2253,20210413,41.9473288874413
2254,20210414,52.42554260799814
2255,20210415,55.575130756895305
2256,20210416,66.03880635161838
2257,20210419,63.06066731006891
2258,20210420,72.75514202560811
2259,20210421,61.29539338768788
2260,20210422,58.37843506531085
2261,20210423,61.26427091873805
2262,20210426,59.48266544237924
2263,20210427,58.28378156198673
2264,20210428,48.93777613559036
2265,20210429,53.32750756070723
2266,20210430,47.841969075630665
2267,20210506,55.923698350471504
2268,20210507,57.84703981448221
2269,20210510,56.42302331448945
2270,20210511,53.976559596850564
2271,20210512,54.37694317271271
2272,20210513,56.47388999420326
2273,20210514,58.73894115235545
2274,20210517,58.93864760360356
2275,20210518,64.24348869973639
2276,20210519,53.36236058094791
2277,20210520,57.59000588204516
2278,20210521,54.499380332781755
2279,20210524,51.68610994862175
2280,20210525,74.48050835060585
2281,20210526,77.4266350382394
2282,20210527,71.71442370724151
2283,20210528,73.6325743695335
2284,20210531,69.09092817880517
2285,20210601,59.17637552306443
2286,20210602,61.66012613397457
2287,20210603,61.665532052078945
2288,20210604,68.3743909744683
2289,20210607,70.30130833857734
2290,20210608,52.7618559294408
2291,20210609,53.02865503562628
2292,20210610,55.7771971758185
2293,20210611,53.91732967245058
2294,20210615,52.67432623505751
2295,20210616,54.79558003482552
2296,20210617,51.059400546890906
2297,20210618,40.0584257071891
2298,20210621,40.71196954518855
2299,20210622,40.86688555926695
2300,20210623,36.70738122399077
2301,20210624,37.5528364233164
2302,20210625,40.353662410945816
2303,20210628,36.3527510825064
2304,20210629,35.1455162790406
2305,20210630,32.18324165526549
2306,20210701,39.204540741177766
2307,20210702,32.59209703038296
2308,20210705,36.37227615973167
2309,20210706,39.657829403371636
2310,20210707,37.256115013559366
2311,20210708,36.45588523076462
2312,20210709,32.14362064281386
2313,20210712,29.19140048852716
2314,20210713,32.01207028196141
2315,20210714,34.855106000825344
2316,20210715,38.399455546989735
2317,20210716,35.39464669581374
2318,20210719,34.08578891662431
2319,20210720,29.321718372043406
2320,20210721,28.07380704770216
2321,20210722,24.620450847838185
2322,20210723,22.292341004407646
2323,20210726,18.881526150125612
2324,20210727,19.12796559119544
2325,20210728,22.566858014354438
2326,20210729,22.5184012542961
2327,20210730,18.911349734392502
2328,20210802,21.520623441718257
2329,20210803,18.308887591176287
2330,20210804,19.933597838872654
2331,20210805,20.420064244474492
2332,20210806,23.682054259476278
2333,20210809,28.600856551767926
2334,20210810,27.10256778798763
2335,20210811,30.336299592903984
2336,20210812,34.45472720903967
2337,20210813,36.012720519394954
2338,20210816,32.66624900657869
2339,20210817,32.45846809882015
2340,20210818,58.40072487528309
2341,20210819,45.26368738242563
2342,20210820,56.84271973943116
2343,20210823,60.62430246891243
2344,20210824,55.16990823899074
2345,20210825,46.699354461983155
2346,20210826,41.01046554986994
2347,20210827,41.72793938118755
2348,20210830,31.55270852303983
2349,20210831,37.758635528144254
2350,20210901,47.53860155350162
2351,20210902,53.56894088233527
2352,20210903,50.84952780693447
2353,20210906,48.285039837286895
2354,20210907,54.019359950021666
2355,20210908,49.4031699392201
2356,20210909,49.60709248660109
2357,20210910,64.15758369089698
2358,20210913,70.05239789693479
2359,20210914,57.24957243451281
2360,20210915,47.7079224847167
2361,20210916,43.97931074280129
2362,20210917,44.76633982032222
2363,20210922,37.66456570717145
2364,20210923,37.58838045275916
2365,20210924,26.252369274666783
2366,20210927,35.42603034405194
2367,20210928,35.571971261530535
2368,20210929,33.34686758310729
2369,20210930,31.578690948847093
2370,20211008,26.55784105517605
2371,20211011,32.227450902553315
2372,20211012,32.51653807138406
2373,20211013,34.6016173488712
2374,20211014,34.165254504324224
2375,20211015,38.64655555047595
2376,20211018,31.811649877068156
2377,20211019,33.30270847699718
2378,20211020,30.11045630524618
2379,20211021,34.916765373011884
2380,20211022,35.47556404562532
2381,20211025,35.87560704071994
2382,20211026,40.08082209933394
2383,20211027,36.74308314632885
2384,20211028,38.62337452909811
2385,20211029,35.632624566816496
2386,20211101,33.74790169068776
2387,20211102,31.363803009520556
2388,20211103,27.68928329135114
2389,20211104,27.412522251127484
2390,20211105,28.373117061952737
2391,20211108,31.4386311353585
2392,20211109,29.054941271801614
2393,20211110,24.265132181358105
2394,20211111,28.238533722993008
2395,20211112,27.69413108149584
2396,20211115,29.010159934018766
2397,20211116,27.018654869690305
2398,20211117,24.45992522158623
2399,20211118,24.174088861391628
2400,20211119,26.331544248940006
2401,20211122,26.010244918183204
2402,20211123,26.63628509957469
2403,20211124,31.646327886504608
2404,20211125,31.130890777786263
2405,20211126,32.03543884169422
2406,20211129,41.74473881457406
2407,20211130,34.929066035003075
2408,20211201,33.479496738732244
2409,20211202,34.65161024609176
2410,20211203,37.92840653851043
2411,20211206,35.3953736996537
2412,20211207,29.478939952718704
2413,20211208,40.02141067956472
2414,20211209,42.37385733683314
2415,20211210,42.55065234254053
2416,20211213,47.94088579168553
2417,20211214,56.997882131270714
2418,20211215,56.5213852460155
2419,20211216,50.89199456487469
2420,20211217,41.23739761977358
2421,20211220,42.68985353033203
2422,20211221,39.06082952968384
2423,20211222,43.211715826392336
2424,20211223,55.091781772360704
2425,20211224,68.72842931587329
2426,20211227,55.20323577685666
2427,20211228,53.73885706855002
2428,20211229,45.04181704229643
2429,20211230,45.98895008546158
2430,20211231,39.25863484538175
